order_id,order_date,customer_id,product_id,quantity,sales,profit,region
1,2023-04-29,132,1,1,1106.58,266.28,East
2,2023-11-16,231,8,3,419.84,106.03,North
3,2024-05-09,408,10,5,273.22,27.73,North
4,2023-11-23,432,6,4,3747.89,336.67,West
5,2023-01-24,415,10,1,62.82,13.98,West
6,2023-09-07,227,11,2,708.34,142.67,West
7,2024-07-27,8,1,3,2968.86,539.3,South
8,2024-10-06,223,16,4,3140.99,693.86,North
9,2024-02-10,11,18,4,3227.94,694.34,East
10,2024-04-05,170,5,2,2386.67,395.1,East
11,2023-07-30,162,18,2,1746.72,410.18,North
12,2024-08-14,73,7,1,1246.3,338.79,East
13,2024-01-10,469,3,2,837.73,151.35,West
14,2024-11-17,363,15,3,3401.04,666.93,North
15,2024-09-03,18,6,3,3105.53,516.63,North
16,2023-12-23,439,7,1,1346.84,243.41,East
17,2024-11-20,324,18,2,1974.57,287.18,West
18,2024-08-27,181,11,5,1553.65,170.08,North
19,2023-09-02,294,14,1,303.7,36.53,North
20,2024-06-07,75,2,2,96.1,20.3,North
21,2024-01-28,214,16,5,4220.4,789.5,East
22,2024-12-11,436,1,5,5659.76,1611.63,West
23,2024-07-22,377,6,2,1934.85,277.74,South
24,2023-11-19,67,9,2,1472.23,318.4,West
25,2023-01-10,252,14,3,960.51,118.07,West
26,2024-07-29,20,1,4,4049.83,764.99,South
27,2024-03-01,84,7,4,5963.02,1059.31,West
28,2023-03-26,31,16,2,1758.37,448.55,East
29,2023-10-27,108,18,2,1615.84,209.2,South
30,2023-06-22,341,1,3,3275.92,669.74,North
31,2024-07-16,132,2,4,199.15,41.02,East
32,2024-07-10,34,2,3,162.65,26.14,North
33,2024-03-27,109,12,1,811.74,241.7,West
34,2024-10-31,324,6,1,1145.98,166.74,West
35,2024-04-05,52,15,1,957.63,258.26,East
36,2024-03-25,312,17,1,392.47,41.53,East
37,2023-08-03,57,5,2,2531.85,530.03,East
38,2024-12-28,290,8,3,453.4,78.98,West
39,2023-05-23,480,16,5,4666.49,1208.51,East
40,2024-08-06,413,17,1,340.24,48.26,North
41,2023-06-22,317,17,5,1687.39,396.35,East
42,2024-08-09,196,2,3,139.0,37.36,South
43,2023-05-19,307,1,1,1144.55,289.4,North
44,2023-10-11,81,15,1,1134.97,122.48,South
45,2023-09-13,468,15,2,1846.84,278.62,East
46,2024-11-23,3,5,2,2254.12,250.83,East
47,2024-10-04,355,17,3,1040.02,186.62,North
48,2024-02-17,64,18,1,936.57,132.25,South
49,2024-04-10,377,8,3,496.1,75.41,South
50,2023-04-06,400,16,1,920.0,166.39,East
51,2023-03-06,66,1,3,3288.86,550.88,East
52,2023-08-05,481,2,4,198.23,29.94,South
53,2023-12-12,471,16,3,2624.17,285.33,East
54,2023-12-18,246,15,4,4571.72,1132.4,East
55,2023-04-12,411,6,1,1107.74,292.53,North
56,2023-05-08,411,15,1,1153.28,132.35,North
57,2023-01-01,314,2,4,226.43,39.43,North
58,2024-10-27,389,4,2,678.69,184.86,North
59,2023-04-06,13,1,3,3166.61,427.76,South
60,2024-11-11,129,4,3,1203.63,140.12,South
61,2024-10-02,472,18,4,3522.39,823.81,South
62,2024-03-15,499,4,2,751.38,176.43,East
63,2023-08-07,417,4,1,357.33,39.02,South
64,2024-06-15,468,8,2,308.1,25.28,East
65,2023-05-04,370,5,3,3974.62,687.25,South
66,2024-05-04,192,5,2,2040.27,335.17,South
67,2023-04-16,269,6,1,1012.18,277.15,North
68,2024-01-27,239,3,2,950.44,233.52,West
69,2024-10-18,469,15,2,2343.85,261.17,West
70,2024-07-30,199,16,5,3709.27,827.18,West
71,2023-12-26,356,5,4,4946.4,1079.19,East
72,2024-02-26,216,7,2,2905.91,515.29,North
73,2023-03-30,204,8,2,326.24,36.15,North
74,2024-08-26,402,5,1,1239.12,194.96,West
75,2023-11-19,327,12,4,3471.02,466.9,North
76,2023-09-12,204,10,1,57.99,12.29,North
77,2023-10-19,258,4,5,1941.9,450.34,East
78,2023-07-30,293,13,3,156.84,30.13,West
79,2023-10-30,11,6,4,4455.39,1124.7,East
80,2024-05-21,248,4,2,695.96,92.59,East
81,2023-03-14,218,5,5,5860.52,1729.4,North
82,2023-11-21,326,14,3,863.31,232.56,South
83,2024-03-06,158,6,5,5140.4,1183.56,North
84,2023-03-16,17,12,4,2762.01,262.0,West
85,2023-08-09,215,17,3,925.97,86.4,South
86,2024-06-02,473,3,4,1655.56,392.0,East
87,2024-03-09,232,9,4,2837.04,278.41,East
88,2024-07-04,308,14,5,1661.23,234.3,West
89,2023-03-22,445,3,3,1326.61,165.43,West
90,2024-07-03,364,1,2,1921.7,401.67,South
91,2023-11-14,52,13,1,54.97,13.23,East
92,2023-03-01,41,4,2,666.9,189.01,North
93,2024-04-09,210,9,1,692.11,63.75,East
94,2023-05-03,430,8,2,252.23,27.79,South
95,2023-06-17,135,1,1,1009.85,157.81,North
96,2023-09-23,234,13,5,235.34,25.4,North
97,2023-05-01,154,7,3,4546.14,393.05,North
98,2023-10-06,451,14,4,1295.1,178.53,East
99,2024-10-04,330,2,5,218.18,39.3,West
100,2023-02-26,496,8,3,439.5,89.97,North
101,2023-06-11,195,1,3,2820.48,289.49,North
102,2024-11-21,476,6,5,5686.25,740.63,West
103,2023-01-03,305,10,5,248.39,67.03,West
104,2023-02-17,486,11,2,699.43,114.89,East
105,2023-07-03,351,10,2,128.31,34.47,South
106,2024-11-02,138,10,5,279.02,42.08,South
107,2023-11-24,304,16,4,3226.61,313.42,North
108,2023-05-03,260,8,3,439.81,122.45,North
109,2023-08-17,49,16,2,1876.21,555.19,East
110,2023-03-12,304,17,4,1574.65,425.99,North
111,2023-12-02,20,5,3,3075.91,555.15,South
112,2023-07-25,108,7,3,3967.74,1002.22,South
113,2023-09-06,429,7,5,6959.12,1462.61,West
114,2023-07-20,196,6,4,4560.83,913.27,South
115,2023-06-04,238,2,2,85.27,14.51,East
116,2024-07-08,361,15,2,1964.34,519.97,East
117,2023-12-10,477,8,1,125.65,28.22,North
118,2023-04-17,479,5,3,3194.32,946.43,South
119,2024-05-18,274,17,4,1608.84,472.94,East
120,2024-12-29,60,11,2,660.76,59.24,North
121,2024-06-16,494,16,2,1683.24,466.3,West
122,2023-03-28,439,10,4,233.75,44.69,East
123,2023-03-18,351,1,4,4149.72,388.84,South
124,2023-08-31,352,15,2,1932.21,516.29,South
125,2024-12-18,403,5,4,5091.86,772.82,South
126,2023-10-06,443,4,4,1329.32,382.29,South
127,2024-08-21,223,8,2,260.3,26.87,North
128,2024-04-22,344,7,4,5326.38,567.59,East
129,2023-08-01,499,17,3,1051.5,191.31,East
130,2023-04-03,69,11,1,318.07,73.45,West
131,2023-02-11,35,1,5,4642.89,1246.37,West
132,2023-04-04,289,17,2,753.65,220.86,West
133,2024-06-09,92,2,4,172.95,25.21,East
134,2023-02-01,69,3,2,995.43,266.79,West
135,2024-07-17,287,12,5,3719.36,675.62,North
136,2023-05-05,381,11,2,606.79,159.39,East
137,2023-05-14,467,9,2,1225.51,206.04,North
138,2024-08-19,83,12,1,820.84,231.34,South
139,2023-01-23,64,15,1,1173.16,144.89,South
140,2023-05-12,316,5,4,4108.65,1094.55,West
141,2023-05-06,192,2,3,129.45,23.48,South
142,2024-08-10,357,15,2,2015.26,482.4,East
143,2023-01-31,255,4,4,1390.63,241.78,South
144,2023-08-08,205,6,3,3581.77,503.22,North
145,2023-06-02,242,11,4,1222.73,264.38,North
146,2024-10-24,466,17,2,669.16,114.18,West
147,2024-05-05,48,2,5,217.04,30.72,East
148,2024-03-05,332,5,2,2125.73,583.78,East
149,2023-09-13,57,7,5,7294.28,1870.81,East
150,2024-01-27,257,17,1,384.01,61.06,South
151,2024-05-11,381,7,5,6718.25,1373.5,East
152,2024-02-02,256,11,3,988.3,84.73,West
153,2023-08-13,318,3,5,1907.51,492.81,South
154,2023-03-01,103,3,3,1438.95,264.44,East
155,2024-08-21,395,2,3,170.16,50.07,North
156,2023-09-11,156,13,1,54.35,7.53,West
157,2023-08-13,390,14,1,328.54,97.31,West
158,2023-12-30,83,12,4,3602.98,1074.19,South
159,2023-06-30,100,12,2,1481.65,222.19,West
160,2024-08-28,12,5,3,3017.93,706.57,East
161,2024-07-31,475,3,5,1978.53,571.09,South
162,2024-07-09,61,18,4,3526.17,662.55,East
163,2023-02-27,382,14,1,297.02,38.06,West
164,2024-05-04,381,5,5,4984.17,1405.22,East
165,2023-05-14,138,17,2,678.43,80.76,South
166,2023-03-02,76,4,3,931.72,194.78,East
167,2023-04-24,177,9,2,1473.96,397.01,North
168,2024-01-18,440,4,1,380.73,85.92,East
169,2023-04-14,60,12,5,3818.59,576.5,North
170,2024-03-23,207,4,2,779.41,227.08,West
171,2023-06-28,271,11,3,1120.28,228.13,East
172,2024-01-01,239,10,5,263.02,55.12,West
173,2024-01-23,31,2,2,93.79,21.71,East
174,2023-07-01,330,18,2,1986.74,573.64,West
175,2024-02-05,14,3,5,2424.76,605.18,West
176,2023-02-03,497,4,5,1635.18,245.29,North
177,2023-08-15,128,9,5,3486.75,358.8,North
178,2023-05-25,242,13,4,198.03,19.23,North
179,2023-11-24,259,4,3,976.73,268.38,South
180,2024-12-26,253,3,1,462.19,111.13,North
181,2024-04-02,77,13,3,134.27,16.94,West
182,2023-12-25,475,12,1,745.43,77.35,South
183,2023-02-19,84,6,1,1034.35,249.45,West
184,2024-02-28,217,9,2,1338.54,218.61,South
185,2024-01-20,139,15,5,4551.33,844.22,West
186,2024-10-28,464,6,5,5740.42,744.12,South
187,2023-03-17,480,10,4,248.01,21.66,East
188,2023-11-23,343,1,1,941.9,97.05,East
189,2023-06-24,256,10,3,190.35,21.97,West
190,2024-07-14,452,12,1,902.26,266.32,West
191,2024-08-31,184,10,3,195.12,53.95,South
192,2024-03-17,271,13,1,58.59,6.81,East
193,2023-06-10,415,6,4,3731.25,570.29,West
194,2024-02-24,481,1,2,2135.69,510.11,South
195,2023-09-29,371,11,5,1843.68,268.12,South
196,2023-02-20,204,2,1,48.11,9.67,North
197,2023-06-07,174,3,4,1538.7,124.39,North
198,2023-10-29,112,3,1,481.57,104.75,South
199,2023-07-24,45,3,4,1560.1,195.84,South
200,2023-03-25,119,10,3,170.07,17.93,West
201,2024-04-27,368,15,4,4096.19,923.4,North
202,2024-10-19,467,14,1,325.64,39.3,North
203,2024-01-14,417,15,4,3741.04,336.0,South
204,2024-04-21,196,17,4,1325.44,350.12,South
205,2023-03-05,373,3,5,1984.22,462.77,North
206,2023-03-29,79,8,1,153.56,39.59,West
207,2024-08-26,68,1,4,3728.75,348.33,East
208,2024-06-19,194,11,4,1377.45,272.48,West
209,2024-08-09,188,1,4,4484.47,828.63,East
210,2024-02-09,396,15,1,1145.46,271.64,South
211,2024-08-07,366,4,5,2004.33,513.31,West
212,2023-05-31,406,16,5,3847.12,948.63,East
213,2023-06-21,395,5,2,2639.12,680.53,North
214,2023-02-13,301,1,2,1977.51,588.15,West
215,2023-07-26,184,6,4,4884.41,1064.75,South
216,2023-09-22,341,16,5,4093.05,982.18,North
217,2023-03-31,217,1,1,978.57,163.83,South
218,2023-10-10,88,16,3,2603.74,733.67,West
219,2024-12-18,175,8,1,151.67,29.57,North
220,2023-04-26,417,8,4,571.74,64.38,South
221,2024-08-19,86,12,5,4301.35,1233.3,North
222,2024-07-30,183,15,1,1109.29,280.5,South
223,2023-12-19,190,2,5,274.96,37.97,East
224,2024-08-08,208,11,4,1454.14,128.32,East
225,2024-02-17,348,15,3,2768.15,592.12,East
226,2023-02-09,116,12,4,3109.11,849.94,West
227,2023-02-20,404,3,2,943.46,266.61,West
228,2023-01-21,426,7,3,4023.51,1024.4,West
229,2023-10-15,463,8,3,482.61,129.73,East
230,2023-08-22,7,10,1,51.15,15.05,West
231,2023-11-25,169,17,4,1327.88,227.98,South
232,2023-07-12,108,10,1,56.17,15.78,South
233,2024-05-11,411,12,4,3442.1,932.06,North
234,2024-06-11,200,4,1,389.67,36.8,East
235,2024-02-18,324,10,5,255.87,68.39,West
236,2023-01-30,465,18,5,4227.47,1152.15,South
237,2023-03-01,331,5,2,2158.97,389.52,West
238,2024-12-22,251,1,3,2771.95,446.39,West
239,2024-06-01,332,3,4,1711.2,484.4,East
240,2023-09-05,20,16,1,831.61,175.21,South
241,2024-04-30,165,3,2,903.44,141.79,West
242,2023-09-22,13,17,2,761.32,176.28,South
243,2023-01-29,309,16,3,2505.26,290.21,East
244,2023-08-08,292,17,5,1958.22,435.55,East
245,2023-10-03,372,16,2,1800.88,347.43,South
246,2024-04-30,304,13,1,58.13,12.93,North
247,2023-01-09,310,4,5,1656.6,354.24,North
248,2024-12-30,473,8,3,498.2,110.3,East
249,2024-01-21,488,5,4,5118.02,926.26,West
250,2024-04-22,305,6,2,2017.5,392.49,West
251,2024-02-11,119,15,5,5260.22,429.32,West
252,2024-07-28,66,7,3,4396.56,940.82,East
253,2024-12-01,99,12,3,2134.28,200.72,West
254,2024-10-17,174,7,3,4008.17,564.81,North
255,2023-07-12,317,8,3,395.59,98.27,East
256,2024-09-06,137,4,1,349.85,52.59,South
257,2023-01-27,270,10,2,119.31,35.73,East
258,2024-03-04,405,17,3,1037.09,251.06,South
259,2024-12-26,200,1,5,5768.92,1497.17,East
260,2023-08-16,249,4,3,1136.57,250.53,West
261,2024-11-18,84,2,4,190.51,27.82,West
262,2024-11-04,4,11,2,780.97,93.6,West
263,2024-04-27,230,1,1,903.43,123.68,North
264,2023-07-07,328,6,5,6028.61,1675.41,East
265,2023-08-16,112,16,1,827.37,201.65,South
266,2024-03-06,171,5,3,3775.23,577.19,South
267,2024-08-22,135,17,3,1003.41,268.18,North
268,2023-02-24,14,8,4,647.42,134.91,West
269,2023-03-14,461,13,5,258.02,31.68,East
270,2024-11-28,277,9,1,647.92,94.36,South
271,2023-06-04,433,12,1,718.12,89.09,North
272,2024-08-06,49,12,4,3564.2,1058.79,East
273,2023-11-20,289,8,2,323.38,38.7,West
274,2024-05-14,120,14,1,306.21,90.96,East
275,2024-10-11,412,8,3,384.04,68.92,North
276,2023-06-22,413,17,2,726.26,83.42,North
277,2023-05-13,299,11,1,364.09,79.87,East
278,2024-03-15,31,10,4,258.86,42.54,East
279,2024-06-30,487,3,1,402.92,65.31,East
280,2023-11-26,473,14,1,345.18,67.94,East
281,2024-11-23,161,12,1,687.63,165.99,South
282,2024-12-11,490,14,2,712.44,105.91,South
283,2024-01-28,268,10,1,57.17,8.42,West
284,2023-02-16,485,5,1,1095.67,157.76,East
285,2024-09-02,405,16,5,4345.03,762.15,South
286,2023-12-17,112,14,2,734.34,137.94,South
287,2023-06-18,422,17,2,801.76,226.1,West
288,2023-01-20,294,10,4,210.75,50.58,North
289,2023-08-05,498,4,2,767.53,160.98,West
290,2023-05-07,98,7,2,2705.43,603.63,West
291,2024-01-20,107,6,1,1184.22,161.38,South
292,2024-09-30,175,13,5,226.54,67.7,North
293,2024-10-31,441,12,1,878.06,79.56,West
294,2024-03-02,130,14,1,316.47,33.92,North
295,2024-04-30,55,5,3,3689.3,461.93,North
296,2023-11-05,65,5,1,1136.42,116.16,North
297,2023-10-04,273,5,5,6017.5,1409.06,East
298,2023-04-18,197,7,4,5643.89,1218.48,South
299,2023-04-27,191,15,3,3332.47,631.51,North
300,2023-07-24,246,8,5,790.76,207.91,East
301,2024-01-02,372,14,2,680.55,98.66,South
302,2024-07-15,433,13,1,51.96,6.53,North
303,2023-12-05,226,4,4,1329.69,110.1,North
304,2023-04-24,176,17,1,389.42,88.47,West
305,2023-04-03,348,7,2,3037.27,293.13,East
306,2023-09-20,34,2,1,51.68,9.33,North
307,2023-09-28,16,18,3,2768.68,282.29,South
308,2023-02-10,118,16,2,1899.84,302.54,South
309,2024-03-12,349,13,3,166.69,16.82,West
310,2023-01-10,313,18,1,1026.18,231.85,West
311,2023-12-03,196,9,2,1286.59,226.82,South
312,2023-10-02,107,2,5,275.0,27.62,South
313,2023-07-07,123,14,3,858.31,144.24,West
314,2023-10-06,402,10,4,250.4,58.04,West
315,2024-03-07,433,13,4,216.92,55.38,North
316,2023-05-16,40,14,1,339.61,31.55,West
317,2023-04-17,384,16,2,1684.7,353.73,South
318,2024-11-25,135,17,5,1745.52,374.4,North
319,2024-09-18,162,1,3,2624.39,605.14,North
320,2024-05-09,214,7,2,3150.47,330.31,East
321,2024-03-27,358,2,4,172.78,23.77,West
322,2023-01-13,252,5,3,3691.99,846.0,West
323,2024-08-01,10,7,5,6477.07,1880.08,South
324,2024-06-15,419,1,3,3052.68,714.72,South
325,2024-03-19,404,8,1,153.29,20.65,West
326,2024-11-10,231,6,3,3369.15,554.81,North
327,2024-09-19,255,3,5,1923.41,426.13,South
328,2024-06-01,258,3,2,969.42,259.23,East
329,2023-03-18,153,17,2,761.83,114.69,East
330,2023-10-12,344,15,3,2685.82,346.46,East
331,2024-02-17,460,4,4,1569.2,152.75,North
332,2024-08-09,115,12,4,3157.0,847.5,North
333,2023-11-20,403,11,4,1256.6,238.03,South
334,2023-04-16,258,3,1,428.62,37.67,East
335,2023-01-01,256,8,5,800.8,203.56,West
336,2024-10-14,181,16,5,4074.37,781.6,North
337,2024-11-01,143,5,2,2439.34,705.16,West
338,2023-02-25,98,1,3,3306.98,878.83,West
339,2024-07-27,69,9,3,2165.49,459.06,West
340,2024-04-08,335,3,3,1176.51,290.66,South
341,2023-01-03,460,6,2,2041.46,536.04,North
342,2024-07-14,107,2,3,149.84,35.13,South
343,2023-06-18,241,14,1,320.89,83.69,South
344,2023-04-20,292,7,4,5230.36,643.87,East
345,2024-02-07,269,8,1,134.61,35.19,North
346,2023-12-13,361,7,2,2497.43,427.52,East
347,2023-05-07,115,5,5,6265.57,1122.23,North
348,2024-05-31,309,6,5,4787.91,908.47,East
349,2023-02-19,416,15,5,5214.34,913.65,South
350,2024-05-09,275,16,5,4838.51,1218.52,East
351,2024-12-09,212,3,2,901.34,216.96,North
352,2023-04-17,405,4,2,696.27,147.69,South
353,2024-05-31,52,1,3,3363.13,578.82,East
354,2024-12-10,323,14,5,1728.45,242.31,South
355,2023-10-29,117,4,3,1064.59,116.4,West
356,2024-09-08,302,14,4,1359.84,332.69,East
357,2024-12-19,484,11,3,1072.12,159.81,East
358,2024-10-09,298,1,5,4646.24,586.06,South
359,2024-12-04,140,5,3,3333.94,759.88,East
360,2024-05-30,358,8,2,296.59,65.28,West
361,2023-12-27,241,1,1,1028.88,214.23,South
362,2024-11-21,248,15,4,4399.98,1166.46,East
363,2024-03-08,416,2,3,162.02,31.59,South
364,2024-01-26,402,6,1,960.85,218.55,West
365,2023-10-01,454,13,2,111.47,12.86,North
366,2024-11-30,23,17,3,990.17,262.06,East
367,2023-07-28,239,7,3,4524.64,394.13,West
368,2023-04-15,82,8,4,605.51,138.43,East
369,2023-08-18,55,2,5,265.36,54.0,North
370,2024-06-07,278,18,2,2016.3,515.65,South
371,2024-12-10,243,7,3,4417.24,1253.73,North
372,2024-03-02,301,13,4,235.22,69.31,West
373,2024-07-19,255,8,3,383.51,93.43,South
374,2024-09-27,332,16,2,1908.02,513.83,East
375,2023-08-19,484,16,4,3858.1,906.72,East
376,2024-08-25,8,1,3,3073.05,653.78,South
377,2023-10-29,237,13,2,102.51,30.38,East
378,2023-07-11,120,1,1,1144.46,276.64,East
379,2024-01-22,115,2,1,43.12,6.1,North
380,2023-05-14,97,4,3,974.58,259.36,West
381,2023-12-05,83,14,1,318.49,91.17,South
382,2023-06-07,87,14,1,360.97,76.28,West
383,2024-11-08,206,14,5,1516.57,384.87,West
384,2024-01-02,237,17,5,1560.07,367.69,East
385,2023-08-14,124,16,5,4878.73,949.08,North
386,2023-06-13,382,8,5,714.99,141.67,West
387,2023-12-24,460,9,1,617.18,78.34,North
388,2023-12-06,330,6,3,3080.01,394.42,West
389,2024-06-27,379,16,5,4284.29,871.83,East
390,2023-04-28,276,16,1,904.72,161.08,West
391,2024-09-28,460,6,5,4954.69,439.84,North
392,2024-01-26,251,15,3,3447.97,992.66,West
393,2023-09-20,81,10,4,231.11,32.87,South
394,2024-01-19,203,9,5,3366.67,646.14,West
395,2023-02-14,403,12,4,3018.14,674.06,South
396,2024-06-10,392,10,3,150.91,15.26,East
397,2024-06-30,189,15,5,4413.24,416.63,West
398,2024-12-02,47,1,2,1977.99,203.46,South
399,2024-12-20,445,10,5,316.5,76.94,West
400,2024-10-24,42,12,4,3494.53,335.01,East
401,2023-01-25,166,10,2,112.91,17.27,South
402,2023-03-17,106,14,1,280.63,71.48,South
403,2023-03-14,72,9,5,3424.78,445.5,North
404,2024-02-22,160,13,3,151.06,33.03,West
405,2023-11-20,59,7,4,4848.81,1106.14,South
406,2023-01-07,395,10,5,297.14,64.19,North
407,2023-02-16,154,13,5,275.01,26.39,North
408,2023-04-19,74,10,5,268.45,61.98,West
409,2023-03-30,7,6,5,5012.26,1422.84,West
410,2024-02-09,288,4,4,1571.26,136.35,West
411,2024-06-30,129,10,2,105.1,25.67,South
412,2023-10-30,22,14,5,1819.31,203.21,East
413,2023-01-12,410,9,3,2042.54,412.83,West
414,2023-02-12,309,6,1,917.99,193.94,East
415,2024-07-14,129,8,5,826.14,121.47,South
416,2023-08-05,202,15,3,3004.83,667.39,North
417,2023-05-26,97,3,5,1990.41,255.91,West
418,2023-07-18,208,17,3,948.76,215.95,East
419,2023-02-25,435,8,5,806.13,229.84,North
420,2024-04-17,205,13,5,270.84,26.03,North
421,2023-09-14,112,6,1,946.45,226.8,South
422,2023-12-05,363,17,4,1363.51,310.45,North
423,2023-04-13,372,1,2,1897.66,180.96,South
424,2023-11-22,284,15,2,2046.19,311.5,West
425,2024-12-11,304,5,3,3572.01,730.2,North
426,2023-11-20,122,17,3,1205.86,141.21,North
427,2023-09-10,356,15,3,3333.26,788.93,East
428,2023-10-11,250,14,4,1411.33,154.61,South
429,2024-05-06,275,5,3,3451.1,548.46,East
430,2024-05-13,14,14,3,978.99,116.18,West
431,2023-03-25,440,4,5,1974.18,530.89,East
432,2024-07-05,310,18,2,1703.08,411.09,North
433,2023-03-19,11,4,1,400.01,106.77,East
434,2024-08-18,276,13,1,53.19,13.26,West
435,2023-02-07,371,12,2,1625.88,324.47,South
436,2024-04-28,303,2,5,259.08,29.2,South
437,2023-08-17,347,16,4,3838.33,804.94,West
438,2023-05-18,489,12,3,2379.15,457.49,West
439,2024-01-08,153,10,4,228.62,51.62,East
440,2024-12-01,458,7,5,6360.26,1228.23,East
441,2023-06-13,143,7,4,5109.59,1475.22,West
442,2024-05-10,15,11,2,793.59,70.54,West
443,2023-08-26,178,4,4,1259.13,203.07,West
444,2024-11-15,381,3,1,403.85,112.96,East
445,2024-02-02,491,5,3,3457.9,622.5,East
446,2023-02-10,162,3,1,501.3,75.84,North
447,2024-10-10,369,4,5,1967.94,518.89,North
448,2024-08-15,372,3,3,1339.09,158.34,South
449,2024-01-10,68,15,4,4211.92,1169.27,East
450,2024-06-13,190,16,1,801.8,235.72,East
451,2024-06-12,239,9,2,1305.11,339.06,West
452,2024-05-13,50,10,3,185.69,51.1,East
453,2024-05-28,407,3,1,488.89,86.42,South
454,2023-03-20,428,14,2,645.84,91.57,East
455,2023-07-11,153,11,2,636.09,135.13,East
456,2024-11-07,262,13,1,48.01,12.41,West
457,2024-05-08,259,16,1,906.27,168.01,South
458,2023-06-15,384,15,5,5352.33,912.03,South
459,2023-02-14,404,9,2,1198.59,252.08,West
460,2024-10-06,234,8,2,294.09,81.16,North
461,2023-02-27,314,11,2,637.9,180.49,North
462,2024-02-20,312,16,5,4437.79,905.28,East
463,2024-11-08,436,6,1,1167.35,336.66,West
464,2024-04-04,428,9,2,1382.01,253.89,East
465,2023-06-24,370,8,4,539.08,91.84,South
466,2024-08-19,74,3,2,962.27,115.49,West
467,2023-09-28,370,6,5,4838.44,1116.86,South
468,2024-09-02,302,4,4,1476.08,192.72,East
469,2023-05-16,454,3,4,1565.94,194.99,North
470,2024-12-01,445,8,5,715.8,80.82,West
471,2023-07-01,42,4,1,357.23,76.89,East
472,2024-06-28,432,8,1,146.66,15.52,West
473,2024-11-06,175,4,4,1286.87,273.8,North
474,2024-11-25,28,8,1,152.76,29.77,North
475,2023-02-14,225,9,3,2125.38,370.6,West
476,2024-01-26,49,6,4,4094.12,1052.26,East
477,2023-04-11,447,2,5,242.88,33.03,East
478,2023-03-27,94,12,2,1503.04,410.16,South
479,2023-09-21,22,9,4,2444.04,576.82,East
480,2024-08-14,112,7,1,1415.37,275.07,South
481,2024-11-01,191,14,4,1178.07,302.7,North
482,2024-01-06,334,13,4,184.68,32.09,West
483,2023-09-17,285,14,5,1498.26,296.57,South
484,2024-01-10,17,16,5,4453.23,1327.93,West
485,2023-07-28,67,9,4,2615.87,660.33,West
486,2023-07-03,399,18,4,3591.34,725.74,West
487,2023-11-11,38,11,3,1081.14,270.63,West
488,2023-05-22,384,6,4,4710.56,1060.07,South
489,2024-04-02,195,1,2,2185.31,631.19,North
490,2023-08-08,254,11,1,353.4,89.39,West
491,2024-09-20,81,4,5,1899.81,447.39,South
492,2024-02-03,349,10,2,129.4,10.5,West
493,2023-05-29,34,13,1,51.6,10.94,North
494,2023-03-07,423,15,1,957.71,154.75,West
495,2023-02-08,367,12,5,4262.57,1213.77,East
496,2024-09-20,483,4,4,1503.04,214.97,West
497,2023-02-28,136,2,5,279.77,72.87,West
498,2024-03-25,413,9,4,2307.38,616.36,North
499,2023-10-20,200,3,5,2011.68,507.89,East
500,2024-06-12,484,1,5,5341.02,1150.14,East
501,2024-01-04,280,17,1,328.91,26.33,West
502,2023-03-30,368,3,2,1006.69,253.21,North
503,2024-11-16,90,12,3,2331.38,487.11,West
504,2023-01-16,189,7,5,7507.58,713.94,West
505,2024-07-16,54,18,1,875.0,229.73,East
506,2023-12-23,375,3,5,2107.85,546.8,East
507,2024-09-12,187,11,2,798.41,143.75,West
508,2024-08-11,317,11,4,1210.65,143.47,East
509,2023-04-20,122,11,5,1792.32,341.79,North
510,2023-04-30,119,15,3,3348.48,972.65,West
511,2024-08-11,140,12,5,3719.69,659.91,East
512,2024-07-30,8,3,4,1754.87,234.31,South
513,2024-04-14,259,15,3,3241.63,898.69,South
514,2024-05-08,330,17,1,316.42,30.02,West
515,2024-11-24,321,14,2,680.14,174.14,West
516,2023-12-28,4,9,4,2695.02,221.37,West
517,2023-09-12,224,2,3,139.85,23.46,South
518,2023-03-19,346,8,3,446.4,53.24,East
519,2023-12-29,206,16,3,2380.98,491.0,West
520,2024-11-30,385,3,2,989.93,120.61,North
521,2023-08-29,291,9,2,1431.4,389.35,East
522,2023-08-23,201,16,2,1579.53,213.13,West
523,2023-12-31,279,4,5,1621.77,167.81,North
524,2024-11-23,145,15,1,1161.02,218.72,East
525,2024-07-08,455,9,1,758.34,202.14,South
526,2024-09-27,451,18,3,2649.71,735.52,East
527,2023-10-09,166,11,5,1758.16,521.41,South
528,2023-10-14,82,1,5,4906.96,1202.39,East
529,2023-02-25,93,6,2,2154.11,372.87,North
530,2023-02-03,293,2,5,248.34,41.38,West
531,2024-04-13,41,14,2,730.73,170.71,North
532,2023-11-20,384,15,4,4331.12,357.75,South
533,2024-01-24,142,3,2,901.96,136.73,South
534,2023-09-23,457,4,5,1637.78,225.73,West
535,2024-04-27,224,8,3,497.14,77.3,South
536,2024-05-25,331,3,2,862.4,148.51,West
537,2024-01-09,281,14,3,1062.42,150.35,West
538,2024-08-08,238,17,2,635.86,131.43,East
539,2023-04-13,189,16,2,1835.02,471.42,West
540,2024-03-18,282,2,5,273.43,33.67,West
541,2024-04-29,192,11,2,766.7,91.13,South
542,2023-05-18,176,12,4,3658.24,976.26,West
543,2024-06-30,192,15,5,5459.9,1380.12,South
544,2023-09-14,262,5,3,3550.05,727.49,West
545,2023-04-12,429,6,4,4509.61,420.33,West
546,2024-05-02,472,8,3,482.12,48.78,South
547,2023-09-24,251,12,3,2307.91,469.15,West
548,2023-12-19,112,12,3,2073.67,221.2,South
549,2023-07-23,53,13,5,265.8,59.27,South
550,2023-06-28,371,6,5,6078.17,866.83,South
551,2024-11-20,335,4,3,1082.35,271.07,South
552,2023-03-22,134,2,4,191.79,27.43,West
553,2023-06-21,305,3,2,916.97,260.68,West
554,2024-10-08,375,17,4,1467.15,248.02,East
555,2023-03-23,106,8,1,132.37,17.24,South
556,2024-10-30,208,11,3,994.62,138.1,East
557,2023-10-05,276,15,4,4564.13,1149.31,West
558,2024-08-24,1,9,3,2023.81,362.39,East
559,2023-07-08,79,13,2,114.56,12.32,West
560,2024-11-08,452,18,2,1732.5,422.13,West
561,2023-08-04,87,18,1,843.67,86.61,West
562,2024-04-29,386,2,1,50.32,4.32,North
563,2024-06-20,459,12,4,3447.14,338.91,West
564,2024-09-24,403,5,3,3144.57,704.58,South
565,2023-11-13,351,11,4,1301.19,315.24,South
566,2024-10-03,331,4,4,1285.26,251.76,West
567,2023-01-30,99,10,2,99.07,15.7,West
568,2024-05-02,409,10,3,169.75,46.1,West
569,2024-07-15,347,18,3,2753.15,807.5,West
570,2023-07-01,235,1,5,5185.61,935.69,North
571,2024-03-21,472,7,5,7078.72,1562.25,South
572,2023-12-22,43,11,3,1052.13,136.74,South
573,2024-03-28,380,13,1,49.16,8.39,West
574,2023-11-07,154,8,2,252.06,49.18,North
575,2023-12-19,30,1,2,1898.6,375.39,North
576,2024-05-03,177,7,4,5303.2,1317.8,North
577,2024-09-03,29,8,3,405.8,33.11,North
578,2023-07-13,304,3,3,1288.99,262.08,North
579,2023-09-13,71,7,4,5084.07,1231.19,North
580,2024-01-23,179,3,4,1622.37,158.06,East
581,2024-06-13,266,1,2,2174.59,609.3,West
582,2023-10-19,293,12,3,2505.33,493.62,West
583,2024-02-27,261,3,3,1204.46,114.5,West
584,2023-10-24,340,6,2,1900.33,342.39,South
585,2023-10-06,44,10,4,241.57,45.47,North
586,2023-01-20,334,5,3,3141.45,921.51,West
587,2023-07-10,313,18,1,1058.24,150.34,West
588,2024-03-24,331,7,2,2995.14,393.02,West
589,2023-01-16,174,3,2,879.94,136.59,North
590,2024-05-25,3,14,3,1102.01,200.58,East
591,2023-12-05,229,17,1,312.76,76.67,East
592,2023-02-27,426,15,2,1917.43,318.93,West
593,2024-04-26,58,15,5,4668.99,1293.56,North
594,2024-01-26,116,2,3,162.87,17.4,West
595,2024-01-30,144,15,2,2213.7,392.82,East
596,2023-07-23,53,7,1,1390.58,347.12,South
597,2024-11-12,351,16,5,4909.71,903.49,South
598,2023-11-27,120,7,3,3807.44,914.59,East
599,2024-06-17,71,18,5,4158.74,772.99,North
600,2023-07-23,123,5,3,3349.02,306.3,West
601,2023-04-26,41,5,2,2149.99,377.36,North
602,2023-06-21,292,17,1,385.27,80.38,East
603,2023-09-06,364,3,4,1515.74,135.26,South
604,2024-12-05,454,8,4,602.18,97.38,North
605,2023-09-12,486,2,1,44.78,4.48,East
606,2023-12-13,380,7,5,7897.17,2363.89,West
607,2023-03-03,291,13,1,49.87,5.68,East
608,2023-04-20,269,2,5,221.64,29.08,North
609,2024-10-22,375,11,5,1892.08,486.67,East
610,2023-07-17,54,15,4,3547.06,578.56,East
611,2023-09-14,473,10,2,127.25,23.77,East
612,2024-07-26,362,6,4,4025.93,939.44,South
613,2024-08-03,66,7,2,2560.81,400.73,East
614,2023-10-09,283,17,4,1570.86,332.57,East
615,2023-06-14,93,9,5,2939.95,335.46,North
616,2023-09-27,445,6,3,3245.71,583.89,West
617,2024-01-24,403,17,5,1895.54,519.84,South
618,2024-01-08,131,3,5,2377.7,315.12,South
619,2024-11-05,174,18,1,1056.86,274.99,North
620,2024-06-20,303,12,2,1686.14,418.94,South
621,2024-09-19,113,8,2,274.88,46.77,North
622,2023-04-24,271,2,3,131.72,29.63,East
623,2023-05-13,417,6,1,971.02,84.36,South
624,2024-05-12,262,3,1,401.94,34.97,West
625,2024-11-04,61,15,4,4097.14,890.2,East
626,2023-09-20,457,3,5,1919.96,246.83,West
627,2023-01-14,30,12,1,899.6,113.28,North
628,2023-03-23,467,7,4,5573.93,1229.4,North
629,2024-07-25,458,5,3,3730.77,1029.3,East
630,2024-12-26,391,13,3,136.36,29.42,North
631,2023-02-11,341,17,5,1895.87,499.71,North
632,2023-08-10,453,7,1,1591.38,161.31,North
633,2024-06-28,108,1,2,1955.54,239.53,South
634,2024-08-06,376,17,2,736.22,87.87,South
635,2024-03-01,35,5,5,6222.32,1546.76,West
636,2024-01-02,91,7,5,7382.15,1731.57,West
637,2023-04-17,424,13,4,188.26,22.53,South
638,2024-05-31,493,17,4,1355.54,155.61,West
639,2024-03-29,154,18,5,5239.51,1459.45,North
640,2023-11-29,383,16,5,4740.47,809.27,East
641,2023-11-28,468,10,4,235.56,48.03,East
642,2024-01-20,67,18,2,2006.39,569.32,West
643,2024-01-04,141,14,3,1092.0,194.87,South
644,2023-01-01,326,18,4,3970.8,1176.35,South
645,2023-01-17,365,14,5,1616.01,482.46,South
646,2023-01-07,33,18,3,2637.66,339.77,South
647,2023-01-23,297,13,3,168.16,48.35,North
648,2024-07-20,193,9,3,2018.26,414.85,South
649,2023-06-08,195,11,5,1558.45,282.52,North
650,2023-05-22,438,15,2,1916.54,528.42,South
651,2023-08-27,300,4,2,669.31,97.76,North
652,2024-02-14,325,18,5,4754.05,607.74,South
653,2023-11-29,185,17,1,385.12,45.46,West
654,2023-04-08,322,12,5,4114.63,601.09,South
655,2024-01-26,372,14,5,1414.27,130.54,South
656,2023-12-23,250,8,3,487.25,85.54,South
657,2023-08-21,320,9,1,718.05,191.64,East
658,2024-10-11,178,12,1,864.63,141.93,West
659,2024-06-20,200,2,3,129.38,25.72,East
660,2023-12-01,237,15,2,2055.9,264.34,East
661,2024-11-20,73,4,1,383.51,63.83,East
662,2024-09-01,159,5,4,4750.83,474.22,West
663,2023-10-24,318,2,4,214.78,24.18,South
664,2023-03-26,76,15,3,3060.48,746.66,East
665,2024-02-13,292,8,5,682.89,114.5,East
666,2024-12-15,273,8,4,524.18,57.49,East
667,2023-07-22,296,1,5,5036.91,1125.72,North
668,2024-07-28,175,14,2,664.48,160.7,North
669,2023-09-06,296,3,2,773.67,194.11,North
670,2024-12-02,316,1,3,3400.17,339.03,West
671,2024-03-09,478,17,4,1366.81,166.62,West
672,2024-08-31,2,10,3,178.97,44.62,North
673,2023-12-25,231,1,2,2088.91,622.15,North
674,2024-09-30,92,17,4,1277.68,114.83,East
675,2023-07-24,431,11,2,742.46,84.88,West
676,2023-04-26,383,14,1,343.6,45.86,East
677,2023-06-01,355,11,5,1948.52,507.45,North
678,2023-12-18,217,5,1,1227.09,128.21,South
679,2024-04-27,329,10,4,197.32,24.86,South
680,2023-08-05,277,4,5,1646.34,321.23,South
681,2024-07-15,335,16,3,2576.62,619.89,South
682,2024-12-12,140,7,2,2972.36,249.81,East
683,2024-11-10,250,4,5,1812.32,246.84,South
684,2023-10-18,425,18,1,852.68,198.88,East
685,2023-02-24,328,12,3,2379.33,685.1,East
686,2024-02-02,455,8,1,153.23,34.61,South
687,2023-04-21,477,5,3,3008.83,814.88,North
688,2023-08-25,419,12,4,3643.8,699.17,South
689,2023-11-20,284,4,1,358.13,75.7,West
690,2023-07-10,451,4,1,328.76,96.23,East
691,2024-12-30,434,2,5,214.24,28.8,North
692,2023-11-09,461,5,5,5537.09,922.19,East
693,2023-01-19,20,1,2,1933.27,304.34,South
694,2023-08-30,176,13,3,178.17,52.61,West
695,2023-03-05,76,4,3,1117.91,305.53,East
696,2024-07-22,436,17,1,400.99,51.98,West
697,2024-02-07,228,11,3,1105.1,109.75,West
698,2024-06-17,435,5,4,5262.88,1130.14,North
699,2024-03-03,424,13,2,96.32,10.94,South
700,2024-09-11,326,7,3,4013.17,799.79,South
701,2024-10-30,295,15,2,1842.34,366.81,West
702,2023-05-22,400,15,2,1942.38,456.71,East
703,2023-05-19,395,16,5,4229.06,1184.05,North
704,2024-11-02,425,11,2,792.36,223.26,East
705,2023-03-11,73,3,3,1344.0,388.0,East
706,2023-07-08,20,7,1,1333.03,364.61,South
707,2023-11-23,60,15,1,1138.81,194.84,North
708,2023-11-07,17,14,4,1265.39,361.18,West
709,2023-06-05,50,5,3,3766.28,389.77,East
710,2023-01-27,128,9,2,1441.75,309.45,North
711,2024-09-12,367,8,3,447.97,58.59,East
712,2023-08-25,424,12,2,1688.04,268.46,South
713,2023-05-18,413,10,4,228.63,48.71,North
714,2023-07-08,364,7,3,4643.41,873.51,South
715,2023-06-17,392,10,2,104.23,9.08,East
716,2023-10-04,364,2,1,56.02,7.22,South
717,2023-07-29,440,4,2,630.24,178.96,East
718,2024-09-23,226,4,4,1434.7,217.32,North
719,2023-09-10,342,6,4,4188.25,1050.28,South
720,2024-01-25,255,12,5,4257.66,709.81,South
721,2024-08-31,344,1,5,5106.66,1129.12,East
722,2024-06-17,122,14,1,285.69,51.57,North
723,2023-09-09,342,5,1,1168.92,195.25,South
724,2024-07-25,415,8,1,141.8,35.21,West
725,2023-07-14,79,10,1,53.71,9.0,West
726,2023-10-20,197,14,3,954.1,165.0,South
727,2023-02-25,223,9,5,3534.94,985.57,North
728,2024-10-23,206,6,4,4217.75,1007.97,West
729,2023-07-04,118,18,1,1006.67,288.24,South
730,2023-05-19,398,16,5,4183.45,632.38,West
731,2023-07-03,209,12,1,790.53,219.18,West
732,2024-04-10,364,7,2,2483.3,375.71,South
733,2023-05-07,376,18,2,1647.01,387.66,South
734,2023-03-29,347,8,3,442.54,72.8,West
735,2024-09-18,355,18,5,5261.13,859.19,North
736,2023-02-14,58,10,4,245.99,69.05,North
737,2024-11-06,392,2,5,273.88,31.68,East
738,2023-07-03,264,15,2,2212.49,201.97,East
739,2023-11-13,491,14,3,1028.19,299.63,East
740,2024-10-03,127,12,3,2184.13,606.49,West
741,2023-01-04,88,2,2,102.74,13.94,West
742,2024-05-24,64,7,4,6196.49,1236.64,South
743,2024-09-14,148,1,1,1121.42,148.4,West
744,2024-11-06,174,6,5,5308.87,903.75,North
745,2024-09-07,193,17,1,365.55,48.92,South
746,2023-10-12,446,9,5,3467.7,702.77,East
747,2023-02-20,337,13,2,94.67,8.72,East
748,2023-02-07,7,11,3,950.51,82.82,West
749,2024-09-09,107,3,5,2076.98,586.71,South
750,2023-04-22,184,10,1,55.76,6.65,South
751,2024-09-17,322,5,3,3648.5,853.63,South
752,2024-07-29,316,10,5,259.28,46.72,West
753,2024-01-04,366,13,5,292.15,29.36,West
754,2023-11-27,469,1,3,2918.78,476.83,West
755,2024-03-13,54,8,1,160.89,15.17,East
756,2023-05-18,120,10,4,203.81,54.84,East
757,2024-06-23,240,2,3,145.23,18.32,South
758,2024-09-18,130,9,2,1171.88,241.06,North
759,2023-03-31,500,2,5,247.01,57.18,West
760,2024-03-13,414,12,3,2478.13,370.8,West
761,2024-08-11,252,7,5,8026.1,1266.9,West
762,2024-09-21,213,5,2,2367.03,460.0,North
763,2024-05-19,457,6,4,4653.11,1276.84,West
764,2024-12-26,313,9,2,1260.9,154.56,West
765,2023-01-25,110,1,1,1000.75,255.47,South
766,2024-09-22,144,10,2,130.53,22.33,East
767,2023-12-25,155,8,3,447.14,98.48,East
768,2024-10-17,478,13,1,47.58,6.75,West
769,2023-11-12,453,12,1,755.42,151.84,North
770,2023-04-27,78,18,1,981.92,152.3,South
771,2024-09-22,305,10,5,323.15,85.0,West
772,2023-12-05,416,10,2,125.14,35.4,South
773,2024-04-30,231,14,4,1395.58,309.88,North
774,2023-06-09,59,4,4,1491.13,411.93,South
775,2023-12-10,38,6,5,5288.65,1370.38,West
776,2024-06-17,495,18,1,878.96,210.5,North
777,2024-07-22,142,14,3,974.64,122.63,South
778,2023-12-29,88,8,3,385.07,43.45,West
779,2023-12-14,77,4,1,409.41,89.18,West
780,2024-08-07,437,12,2,1650.64,200.1,South
781,2023-11-12,409,17,1,376.23,56.13,West
782,2023-10-06,9,17,1,346.64,65.64,South
783,2024-01-16,2,12,2,1580.24,456.94,North
784,2024-06-21,389,10,2,107.79,11.28,North
785,2023-07-26,208,8,1,163.82,29.1,East
786,2024-05-09,303,12,1,893.82,101.8,South
787,2024-05-10,163,16,3,2761.13,538.97,West
788,2023-05-27,432,1,3,3266.16,331.89,West
789,2024-11-23,89,11,5,2010.95,251.65,West
790,2024-04-15,438,10,1,55.29,14.94,South
791,2023-01-05,299,11,1,333.52,29.91,East
792,2023-03-31,5,15,5,4891.59,1348.22,South
793,2024-06-17,71,10,1,61.46,15.0,North
794,2024-08-14,469,4,1,386.28,85.19,West
795,2023-11-25,28,6,2,1955.44,279.72,North
796,2023-11-23,364,1,5,5448.38,1240.31,South
797,2023-06-02,242,6,3,2893.69,304.36,North
798,2024-07-27,130,10,5,286.75,35.97,North
799,2024-07-16,362,6,3,3041.23,338.01,South
800,2024-08-10,180,13,3,144.67,13.84,North
801,2023-12-13,104,14,5,1626.56,148.28,West
802,2024-04-27,17,14,1,358.64,32.67,West
803,2023-02-25,89,3,4,1554.63,258.41,West
804,2024-08-29,25,3,5,2285.42,529.82,South
805,2024-09-23,2,1,4,3876.75,593.58,North
806,2024-11-17,36,17,2,773.58,75.25,East
807,2024-08-04,116,15,4,3676.72,951.64,West
808,2023-04-10,199,16,4,3408.42,785.93,West
809,2024-04-26,276,18,4,3443.73,445.05,West
810,2023-09-22,65,17,5,1986.52,330.27,North
811,2023-11-29,458,6,3,3164.77,274.25,East
812,2023-04-26,23,9,4,2568.52,466.12,East
813,2023-10-17,111,18,2,2007.58,427.57,East
814,2024-06-04,443,6,2,1895.79,492.64,South
815,2023-11-30,169,15,1,1043.73,99.78,South
816,2024-06-29,130,15,3,3047.38,639.7,North
817,2024-09-27,61,16,2,1599.71,183.94,East
818,2024-01-29,365,18,4,3267.23,411.06,South
819,2024-03-17,16,5,5,6285.78,1104.9,South
820,2024-07-11,399,9,3,2123.37,250.72,West
821,2024-12-29,113,5,1,1187.35,222.1,North
822,2024-09-02,428,17,5,1758.08,355.34,East
823,2023-06-30,328,6,4,4042.21,684.24,East
824,2023-04-22,33,11,5,1856.22,392.05,South
825,2023-12-02,91,2,4,198.21,44.64,West
826,2023-08-11,497,3,1,480.71,132.29,North
827,2023-05-31,89,15,1,1074.47,193.03,West
828,2024-02-04,281,10,3,177.02,31.58,West
829,2024-11-28,438,11,2,781.15,114.0,South
830,2024-03-21,345,10,3,182.02,51.21,West
831,2024-08-19,330,5,1,999.3,296.8,West
832,2023-05-11,37,15,4,4522.83,423.93,West
833,2023-02-24,427,12,5,3434.38,697.89,West
834,2023-04-23,468,2,3,164.27,44.43,East
835,2024-03-18,395,15,2,2173.2,362.36,North
836,2024-12-29,51,2,3,143.91,23.59,North
837,2023-08-05,208,9,5,3508.63,647.24,East
838,2024-07-22,14,4,2,695.7,197.15,West
839,2023-06-07,135,5,4,4369.75,1188.58,North
840,2023-05-18,148,17,2,611.58,136.17,West
841,2024-05-13,209,5,2,2430.34,715.72,West
842,2023-03-28,22,11,2,632.03,162.63,East
843,2024-12-13,12,4,4,1481.77,257.32,East
844,2024-04-10,130,4,2,721.35,145.32,North
845,2024-01-29,370,8,4,561.84,67.91,South
846,2023-01-08,224,5,5,5942.99,1582.6,South
847,2024-12-30,465,12,2,1603.05,273.13,South
848,2024-08-13,340,14,5,1546.8,456.63,South
849,2024-05-09,99,13,5,275.31,28.88,West
850,2024-12-08,389,5,4,4092.81,984.9,North
851,2023-10-14,354,2,5,245.68,23.88,West
852,2023-04-01,287,18,5,4322.7,945.57,North
853,2024-12-01,289,16,1,896.02,229.01,West
854,2024-09-19,247,8,3,383.39,59.65,North
855,2024-04-25,100,2,1,48.98,13.68,West
856,2023-12-06,243,4,5,1757.96,512.14,North
857,2023-10-24,77,1,3,2744.57,639.24,West
858,2023-11-08,379,17,5,1892.15,386.03,East
859,2024-10-06,86,18,1,925.26,108.44,North
860,2024-11-03,12,4,1,410.11,105.79,East
861,2023-01-28,271,17,5,1668.68,163.78,East
862,2023-03-20,468,10,5,314.28,44.35,East
863,2024-09-22,163,14,2,602.92,162.02,West
864,2023-04-25,94,17,1,365.92,102.54,South
865,2024-11-05,215,16,2,1699.81,438.08,South
866,2024-12-18,211,17,3,985.79,118.08,North
867,2023-02-03,291,11,5,1683.64,165.95,East
868,2024-09-01,447,11,2,792.54,90.28,East
869,2024-02-27,271,5,4,5010.09,663.08,East
870,2024-10-14,148,10,4,206.76,42.82,West
871,2023-02-25,252,18,3,2910.93,716.69,West
872,2023-02-23,124,8,1,132.6,22.24,North
873,2024-05-02,488,1,3,3245.95,796.99,West
874,2023-08-28,219,4,5,1736.78,408.55,North
875,2023-09-26,260,8,4,526.65,142.96,North
876,2023-10-23,219,17,1,398.76,71.27,North
877,2024-06-26,4,15,3,3242.76,288.68,West
878,2024-10-14,189,17,5,1702.7,452.46,West
879,2024-10-29,37,7,5,7751.53,1191.35,West
880,2023-04-11,391,7,3,3924.04,818.24,North
881,2024-11-22,324,7,4,6025.61,1455.48,West
882,2023-07-19,212,4,5,1808.8,414.39,North
883,2023-11-17,185,18,2,1890.19,430.99,West
884,2023-01-13,200,4,1,350.59,68.56,East
885,2023-12-26,171,6,4,3933.92,559.9,South
886,2023-02-04,119,17,2,614.04,61.54,West
887,2024-11-03,346,9,5,3730.38,476.37,East
888,2024-10-15,319,5,5,5185.32,1507.45,North
889,2024-09-11,266,8,1,131.02,29.4,West
890,2023-07-09,369,12,5,4458.86,1039.11,North
891,2023-10-29,409,16,3,2564.73,733.41,West
892,2023-10-11,122,18,4,4016.67,933.03,North
893,2023-09-21,315,3,3,1194.63,115.02,West
894,2024-01-27,492,16,1,835.59,249.93,East
895,2023-09-29,497,14,3,875.97,83.45,North
896,2024-09-16,452,7,2,2726.35,605.27,West
897,2023-05-28,181,4,1,363.88,63.63,North
898,2024-10-20,105,4,5,1596.21,282.77,West
899,2023-04-16,111,7,3,3658.27,349.33,East
900,2024-04-01,74,10,3,147.8,28.01,West
901,2023-02-08,168,9,1,702.13,97.33,North
902,2024-02-05,389,4,3,1102.14,213.14,North
903,2024-05-04,479,3,4,1730.91,459.89,South
904,2024-07-07,198,13,1,47.94,7.89,North
905,2023-05-05,381,8,4,597.33,170.66,East
906,2023-12-08,9,13,3,164.16,27.6,South
907,2024-01-10,347,7,1,1420.23,413.86,West
908,2024-04-15,412,9,1,720.5,103.6,North
909,2023-06-30,116,2,2,100.81,29.52,West
910,2023-11-03,328,17,2,750.54,208.07,East
911,2024-05-13,172,14,3,850.32,186.4,East
912,2023-05-24,237,17,2,616.48,52.76,East
913,2023-09-02,63,2,5,247.4,23.22,South
914,2024-10-20,32,11,5,1665.96,328.97,West
915,2023-01-17,22,10,4,198.26,18.31,East
916,2024-02-20,460,12,1,713.73,183.83,North
917,2024-04-14,71,16,5,4857.89,1318.65,North
918,2023-06-02,201,7,5,7515.87,986.51,West
919,2023-02-07,399,8,1,156.37,29.33,West
920,2024-04-27,417,4,1,401.56,86.75,South
921,2024-12-19,204,15,2,2141.83,178.12,North
922,2023-11-11,26,5,1,1269.26,128.71,West
923,2023-06-24,292,9,5,3674.23,345.64,East
924,2023-04-27,160,12,1,800.48,204.78,West
925,2023-03-06,430,9,2,1457.85,253.33,South
926,2023-11-29,111,4,4,1282.95,295.72,East
927,2023-05-21,294,1,5,4796.79,1401.78,North
928,2023-02-16,285,13,2,106.8,16.43,South
929,2023-10-08,233,9,1,601.85,103.12,North
930,2024-07-20,112,17,3,964.11,128.81,South
931,2023-02-11,83,5,5,5204.56,1322.12,South
932,2024-01-21,248,14,5,1735.48,144.81,East
933,2023-03-24,37,5,4,3994.86,477.27,West
934,2024-12-24,283,8,1,152.87,42.06,East
935,2024-12-11,434,11,4,1534.1,383.47,North
936,2023-07-31,210,14,2,577.58,80.64,East
937,2024-02-26,496,3,4,1631.77,193.2,North
938,2024-09-02,72,6,1,971.44,184.55,North
939,2024-10-04,52,8,1,160.18,23.43,East
940,2023-01-05,296,18,4,3791.14,463.35,North
941,2023-04-08,259,8,5,757.48,204.37,South
942,2024-06-03,25,2,5,228.26,56.94,South
943,2023-10-11,137,16,2,1505.7,157.78,South
944,2024-12-02,150,16,2,1895.66,531.78,West
945,2023-06-30,251,4,4,1298.96,367.59,West
946,2024-10-22,349,1,1,971.66,122.54,West
947,2023-12-09,100,13,3,161.26,44.48,West
948,2023-02-14,494,12,4,2842.33,260.19,West
949,2023-06-30,335,8,5,661.01,57.11,South
950,2023-04-29,210,11,5,1546.65,203.8,East
951,2024-08-29,308,14,4,1315.65,226.55,West
952,2023-08-24,497,14,3,1041.65,158.07,North
953,2023-08-31,207,10,1,61.0,16.55,West
954,2023-08-14,84,15,4,3608.31,753.13,West
955,2024-03-22,184,14,1,288.96,82.1,South
956,2023-07-02,205,2,4,192.14,21.14,North
957,2024-10-09,246,8,2,281.19,39.18,East
958,2023-05-11,343,11,3,916.28,187.93,East
959,2023-05-20,247,1,3,2695.7,491.74,North
960,2023-06-25,198,11,4,1515.13,194.49,North
961,2024-09-10,110,4,3,973.31,248.0,South
962,2023-06-24,448,18,5,4766.11,960.88,South
963,2023-03-30,499,6,2,2084.44,406.03,East
964,2024-08-28,204,8,2,290.81,52.87,North
965,2024-03-14,411,6,1,1141.34,153.24,North
966,2024-03-20,497,18,3,2860.74,790.14,North
967,2023-06-02,386,6,5,5977.95,1659.57,North
968,2023-02-15,312,1,4,3512.18,644.64,East
969,2023-02-04,258,15,5,5027.19,838.29,East
970,2024-04-08,498,5,1,1161.14,114.12,West
971,2024-12-10,56,6,1,1140.0,329.44,East
972,2024-01-03,20,9,2,1262.93,280.98,South
973,2023-01-17,222,7,1,1398.19,205.62,West
974,2024-08-07,28,4,4,1540.49,131.51,North
975,2024-04-19,328,15,4,4428.12,1205.88,East
976,2023-07-09,338,16,4,3738.13,603.68,North
977,2024-12-21,317,4,4,1493.68,402.22,East
978,2024-01-30,13,18,1,1037.22,158.94,South
979,2023-10-31,406,7,1,1376.54,191.83,East
980,2024-07-09,64,10,5,291.74,36.63,South
981,2024-09-27,481,7,1,1559.34,377.15,South
982,2024-06-11,397,1,1,1139.51,260.29,North
983,2023-04-24,486,10,1,55.21,10.07,East
984,2024-01-10,207,7,1,1352.65,301.1,West
985,2024-07-28,22,8,1,155.28,19.42,East
986,2023-09-02,290,15,3,3116.64,694.35,West
987,2024-12-20,141,14,5,1474.6,359.66,South
988,2023-11-25,489,4,2,689.14,95.67,West
989,2023-10-11,285,11,4,1230.72,199.4,South
990,2024-05-12,430,2,4,198.62,52.14,South
991,2024-12-27,19,8,4,591.41,154.7,West
992,2024-04-07,54,2,3,154.05,39.43,East
993,2023-07-12,12,8,1,162.92,29.44,East
994,2024-02-05,82,3,1,490.9,70.42,East
995,2023-04-22,459,4,1,325.26,34.04,West
996,2024-05-23,292,5,2,2093.2,261.52,East
997,2023-10-28,73,10,1,55.76,12.83,East
998,2024-04-30,275,8,2,280.2,49.78,East
999,2023-10-26,256,13,1,47.4,4.02,West
1000,2024-06-16,409,17,2,740.15,126.25,West
1001,2024-11-02,295,3,3,1377.52,209.09,West
1002,2024-11-12,20,6,5,5646.66,1497.61,South
1003,2024-04-13,334,12,4,3025.14,329.83,West
1004,2023-06-25,155,13,3,168.95,21.95,East
1005,2023-10-23,14,14,3,1039.11,93.95,West
1006,2023-10-19,213,4,3,1065.54,124.24,North
1007,2024-12-29,474,12,2,1618.43,194.38,East
1008,2024-12-26,433,4,2,759.06,172.0,North
1009,2023-06-15,324,12,2,1482.27,132.0,West
1010,2024-08-11,293,18,3,2498.71,343.05,West
1011,2023-07-30,477,3,2,897.3,78.63,North
1012,2023-12-19,469,2,3,133.92,23.93,West
1013,2024-06-30,225,11,2,665.14,187.9,West
1014,2024-05-26,187,5,4,5007.64,1444.77,West
1015,2023-06-09,164,8,3,377.3,91.48,North
1016,2023-12-06,325,5,5,6058.11,878.56,South
1017,2024-08-10,326,6,3,3360.53,859.98,South
1018,2023-12-13,424,4,4,1516.59,365.44,South
1019,2023-05-23,83,17,1,373.46,39.48,South
1020,2024-02-16,329,18,1,963.72,123.82,South
1021,2023-04-05,129,8,3,417.75,89.31,South
1022,2024-08-20,140,10,2,115.1,28.99,East
1023,2023-07-20,361,10,3,147.98,29.37,East
1024,2024-11-24,234,3,4,1849.54,183.52,North
1025,2024-02-08,322,18,5,4255.06,637.86,South
1026,2024-06-07,389,14,5,1811.62,507.0,North
1027,2024-02-12,461,15,3,2771.76,742.38,East
1028,2024-01-31,210,2,3,143.49,20.46,East
1029,2023-11-12,479,8,3,499.52,136.04,South
1030,2023-08-09,75,7,1,1497.87,266.21,North
1031,2024-03-29,337,6,4,4018.5,1033.75,East
1032,2024-02-29,359,11,4,1265.01,264.61,East
1033,2023-05-28,10,13,1,47.67,8.79,South
1034,2023-12-10,299,3,5,1930.69,562.26,East
1035,2023-04-01,10,3,4,1514.58,334.02,South
1036,2024-02-29,196,3,3,1199.51,217.91,South
1037,2023-05-21,322,1,5,4620.13,1215.57,South
1038,2024-07-21,285,1,3,3024.51,789.44,South
1039,2024-08-22,6,13,3,147.31,29.91,North
1040,2023-08-18,348,16,4,2985.53,240.45,East
1041,2023-11-04,166,15,3,3483.27,917.96,South
1042,2023-05-08,344,8,4,611.82,169.1,East
1043,2023-07-03,471,15,4,4099.46,948.31,East
1044,2023-01-30,188,8,2,261.16,36.82,East
1045,2024-09-05,407,7,1,1504.99,312.79,South
1046,2024-03-22,237,7,5,7771.6,1695.45,East
1047,2024-12-11,266,3,4,1923.45,311.8,West
1048,2023-01-18,236,9,5,3683.74,426.67,East
1049,2023-05-30,80,1,1,958.81,261.98,West
1050,2024-01-01,50,3,2,796.76,111.54,East
1051,2024-10-13,210,15,4,4592.8,727.12,East
1052,2023-10-26,491,13,3,157.37,45.01,East
1053,2023-07-18,26,12,5,4310.58,518.63,West
1054,2024-09-05,308,1,1,1083.85,216.35,West
1055,2024-12-02,86,16,3,2811.01,392.76,North
1056,2023-04-09,260,1,3,3062.49,481.91,North
1057,2023-01-14,385,8,2,262.64,37.27,North
1058,2024-02-26,224,17,4,1356.67,380.37,South
1059,2023-08-12,448,16,1,777.88,100.07,South
1060,2024-07-26,370,9,2,1384.65,364.04,South
1061,2024-06-28,136,9,5,3556.58,834.01,West
1062,2024-03-03,402,2,1,49.07,4.75,West
1063,2023-01-18,238,1,2,2009.94,298.57,East
1064,2023-05-23,98,16,3,2823.71,778.61,West
1065,2024-06-19,34,11,5,1895.55,294.28,North
1066,2023-01-30,285,13,3,166.95,17.71,South
1067,2024-12-11,257,15,2,1844.56,239.51,South
1068,2023-08-03,192,3,2,788.42,76.71,South
1069,2023-03-21,464,14,1,277.37,51.74,South
1070,2023-02-13,21,17,4,1298.2,113.22,South
1071,2024-08-30,303,17,5,1553.16,164.89,South
1072,2023-02-14,211,14,3,845.19,191.75,North
1073,2023-05-07,214,15,1,1150.54,144.03,East
1074,2023-07-09,309,4,2,754.48,65.21,East
1075,2023-10-12,146,11,2,795.53,124.52,South
1076,2024-05-27,16,2,2,107.23,23.04,South
1077,2024-08-06,395,15,5,4502.77,1172.11,North
1078,2024-06-25,411,9,1,616.37,75.28,North
1079,2023-06-25,6,1,3,3380.69,669.94,North
1080,2023-08-08,497,12,1,897.37,239.85,North
1081,2024-01-11,342,4,4,1520.29,183.54,South
1082,2023-07-05,232,9,1,734.73,217.4,East
1083,2023-08-08,451,16,4,3466.29,588.12,East
1084,2023-05-07,349,9,3,1992.18,387.16,West
1085,2024-01-05,283,3,4,1866.25,378.04,East
1086,2023-03-26,46,15,1,976.8,103.01,North
1087,2024-04-12,279,3,3,1360.27,202.19,North
1088,2023-08-20,154,12,4,3253.88,468.33,North
1089,2023-07-13,284,4,4,1585.5,438.94,West
1090,2024-11-26,392,4,4,1384.34,114.64,East
1091,2024-11-19,409,12,4,2843.02,501.43,West
1092,2023-05-03,140,10,1,51.3,8.63,East
1093,2023-04-15,293,3,5,2355.92,651.02,West
1094,2023-03-08,156,9,2,1288.96,159.57,West
1095,2024-09-01,498,15,2,2256.44,381.21,West
1096,2024-03-10,130,16,2,1837.18,259.55,North
1097,2024-08-30,151,6,5,4999.2,1268.24,North
1098,2023-12-31,405,3,4,1750.94,372.42,South
1099,2024-05-11,411,15,4,4122.39,463.45,North
1100,2023-04-21,464,14,4,1147.48,215.33,South
1101,2024-10-05,111,11,2,794.24,68.73,East
1102,2023-03-11,273,8,1,146.44,12.58,East
1103,2024-01-27,205,1,2,2082.19,316.35,North
1104,2024-09-28,174,10,3,177.39,43.86,North
1105,2024-05-19,200,9,5,3633.4,452.09,East
1106,2024-05-17,500,12,4,3208.91,639.65,West
1107,2024-07-13,321,10,5,246.24,61.09,West
1108,2023-05-02,416,17,4,1374.27,205.05,South
1109,2024-03-29,261,11,4,1393.98,121.6,West
1110,2024-11-06,155,3,5,2430.81,356.53,East
1111,2024-05-18,409,2,2,97.3,14.47,West
1112,2024-05-14,431,16,4,3712.64,761.64,West
1113,2024-11-06,280,5,4,4722.3,938.16,West
1114,2024-05-02,96,17,4,1446.82,165.5,West
1115,2024-02-05,91,16,1,804.71,169.01,West
1116,2024-09-23,188,11,4,1481.35,368.3,East
1117,2023-11-25,118,17,3,932.55,195.74,South
1118,2024-01-11,269,17,2,680.08,165.43,North
1119,2024-10-02,444,1,1,965.04,97.87,East
1120,2024-01-01,75,1,3,2956.35,273.22,North
1121,2023-09-11,391,12,2,1480.77,220.13,North
1122,2024-12-05,186,3,1,386.06,56.78,West
1123,2023-06-23,474,4,3,931.04,141.28,East
1124,2024-11-04,485,1,4,4463.35,914.86,East
1125,2023-10-01,315,15,4,3545.94,650.09,West
1126,2023-11-21,376,15,1,991.36,164.43,South
1127,2023-04-11,110,9,5,3648.34,372.18,South
1128,2023-12-11,441,16,2,1724.5,445.82,West
1129,2023-06-20,51,8,3,453.97,72.61,North
1130,2023-07-26,75,8,4,585.56,156.0,North
1131,2024-07-02,479,3,1,404.77,55.99,South
1132,2024-08-10,493,2,3,144.73,18.77,West
1133,2024-08-15,497,12,1,708.37,109.16,North
1134,2024-08-03,38,3,1,478.71,88.35,West
1135,2023-12-22,6,6,2,2319.02,517.93,North
1136,2024-05-31,333,11,3,1149.58,201.45,West
1137,2023-11-17,274,16,5,3945.5,664.84,East
1138,2024-06-11,372,8,5,722.8,179.22,South
1139,2023-01-20,122,8,2,303.74,58.79,North
1140,2024-08-13,322,17,2,710.6,160.15,South
1141,2023-10-02,188,6,4,4810.96,948.71,East
1142,2024-03-20,156,18,5,5240.99,1257.08,West
1143,2024-06-18,298,7,1,1286.04,233.73,South
1144,2023-06-04,104,16,2,1847.65,458.99,West
1145,2024-02-25,297,1,4,3834.04,1007.0,North
1146,2024-10-11,113,17,1,325.28,55.54,North
1147,2024-10-23,177,6,3,2896.52,669.41,North
1148,2024-02-20,242,7,2,2602.48,294.06,North
1149,2023-09-09,126,14,1,348.88,51.75,East
1150,2024-07-27,214,14,4,1466.9,253.55,East
1151,2023-07-26,168,11,1,318.25,35.01,North
1152,2023-10-12,364,5,3,3646.25,432.87,South
1153,2024-05-12,391,11,1,380.99,35.12,North
1154,2023-11-18,283,1,1,1040.23,281.67,East
1155,2024-01-08,316,8,4,614.81,168.99,West
1156,2023-05-24,199,7,4,5201.03,1069.41,West
1157,2023-05-04,114,10,5,287.39,75.4,North
1158,2023-09-15,341,16,5,4310.91,430.46,North
1159,2023-05-06,35,18,5,5025.95,748.62,West
1160,2024-02-04,62,4,5,1955.71,476.55,East
1161,2023-08-12,192,6,4,3842.11,455.42,South
1162,2024-03-26,447,9,3,1959.11,528.64,East
1163,2024-05-17,28,7,1,1419.77,332.11,North
1164,2023-11-21,266,9,1,679.36,125.32,West
1165,2023-10-12,346,11,2,781.56,223.63,East
1166,2024-05-01,420,7,3,4478.93,1167.66,South
1167,2024-10-22,427,12,1,907.98,193.65,West
1168,2024-12-08,258,8,1,163.99,37.35,East
1169,2024-07-19,131,4,3,1043.57,230.18,South
1170,2024-12-02,374,7,3,3763.37,1018.86,West
1171,2024-02-02,392,14,4,1105.46,322.09,East
1172,2023-11-05,435,14,3,851.81,222.32,North
1173,2023-11-01,375,16,2,1583.29,436.76,East
1174,2024-10-08,461,6,4,4053.39,1048.59,East
1175,2023-02-04,419,8,4,548.23,53.52,South
1176,2024-04-27,255,14,4,1373.42,389.82,South
1177,2024-03-08,287,15,3,3413.48,889.05,North
1178,2024-12-16,76,15,2,1914.18,181.08,East
1179,2024-09-08,46,9,4,2858.05,573.04,North
1180,2024-04-09,131,15,3,3253.62,805.71,South
1181,2024-10-07,163,6,2,2103.81,465.03,West
1182,2024-02-15,367,6,1,977.57,143.92,East
1183,2023-03-26,36,16,5,3835.46,517.45,East
1184,2024-08-31,449,18,2,1963.79,499.55,North
1185,2024-04-07,418,15,3,3062.69,740.37,West
1186,2023-06-27,196,3,3,1393.17,364.86,South
1187,2023-07-23,43,10,3,151.01,24.29,South
1188,2024-01-22,60,5,4,5241.82,1439.17,North
1189,2023-01-22,389,6,2,2412.17,682.85,North
1190,2024-10-03,148,9,5,3093.07,307.99,West
1191,2023-07-23,93,5,4,4334.28,1159.0,North
1192,2024-02-15,217,9,1,693.2,147.02,South
1193,2023-04-02,372,7,2,3180.71,373.5,South
1194,2023-05-01,469,15,5,4423.2,865.55,West
1195,2024-11-20,275,17,4,1419.16,183.62,East
1196,2023-07-15,201,14,2,725.13,187.77,West
1197,2023-10-22,84,5,3,3733.73,612.54,West
1198,2023-07-31,199,7,4,5786.13,1729.74,West
1199,2024-11-24,358,6,3,2922.9,349.82,West
1200,2023-01-30,190,8,2,275.47,37.9,East
1201,2024-04-06,320,4,5,2007.86,323.91,East
1202,2023-03-29,421,14,4,1106.36,120.93,South
1203,2024-12-10,318,6,3,3113.7,394.47,South
1204,2024-12-26,408,18,4,3647.9,771.1,North
1205,2023-04-08,64,9,1,681.51,62.33,South
1206,2024-04-27,458,3,2,984.38,294.61,East
1207,2024-12-27,25,4,5,1926.11,173.37,South
1208,2024-05-31,406,11,3,1093.84,160.3,East
1209,2024-11-18,86,8,4,564.45,165.37,North
1210,2023-02-12,48,16,5,4414.53,605.96,East
1211,2024-05-19,157,18,5,5235.25,1429.94,West
1212,2023-04-02,191,13,2,98.6,19.39,North
1213,2023-09-24,88,15,2,1829.58,164.14,West
1214,2024-05-26,186,18,2,2062.85,543.88,West
1215,2024-03-16,353,16,3,2428.59,662.83,East
1216,2023-09-28,20,1,5,5078.95,893.24,South
1217,2023-11-20,39,2,2,105.99,19.93,North
1218,2024-07-23,30,9,2,1476.47,331.66,North
1219,2023-02-24,74,15,4,3743.78,344.45,West
1220,2023-02-06,266,10,2,113.27,13.14,West
1221,2024-03-22,254,4,4,1280.99,354.76,West
1222,2023-02-11,171,16,4,3394.55,1010.01,South
1223,2024-05-11,467,6,5,5281.45,553.22,North
1224,2023-05-07,322,13,2,99.56,12.43,South
1225,2023-07-04,132,4,3,1182.4,289.67,East
1226,2024-07-30,138,17,3,1185.22,247.53,South
1227,2023-01-05,259,2,5,250.01,51.4,South
1228,2023-03-20,244,17,4,1318.43,249.95,West
1229,2023-12-03,192,12,1,692.62,159.23,South
1230,2024-02-08,115,13,1,50.14,14.26,North
1231,2023-11-28,2,4,1,324.13,31.71,North
1232,2024-04-09,260,14,4,1333.51,185.69,North
1233,2023-12-04,217,15,1,1165.12,261.4,South
1234,2023-11-29,124,4,4,1622.77,486.77,North
1235,2023-05-13,49,18,5,4277.59,388.02,East
1236,2023-11-27,256,15,3,3344.26,814.78,West
1237,2024-09-08,481,7,5,6793.3,1139.57,South
1238,2023-09-03,154,6,2,2422.52,655.08,North
1239,2023-01-22,168,15,1,1130.66,130.98,North
1240,2023-10-19,274,14,4,1340.42,388.69,East
1241,2023-05-04,392,11,2,664.53,170.28,East
1242,2024-12-02,394,9,3,2071.28,329.31,East
1243,2024-01-12,240,18,1,935.78,175.66,South
1244,2024-05-02,430,9,4,2504.94,531.24,South
1245,2024-03-08,457,18,1,1015.26,218.33,West
1246,2024-10-07,265,5,4,4552.52,404.7,East
1247,2024-04-19,14,12,3,2524.55,561.65,West
1248,2024-05-22,65,6,2,2155.05,479.26,North
1249,2023-10-25,120,12,1,793.85,77.34,East
1250,2023-11-04,267,11,4,1268.65,137.16,East
1251,2023-09-12,141,7,3,4246.79,615.81,South
1252,2024-07-18,426,11,1,309.9,27.87,West
1253,2024-06-06,263,16,1,844.54,85.12,East
1254,2023-09-17,277,4,5,1724.27,360.07,South
1255,2023-01-17,348,14,5,1430.56,322.66,East
1256,2023-07-06,290,9,2,1472.59,132.47,West
1257,2024-12-22,465,4,4,1355.65,283.58,South
1258,2024-11-17,288,15,4,4050.23,1043.84,West
1259,2023-07-11,126,11,3,970.36,94.33,East
1260,2023-09-23,192,17,5,1965.58,203.23,South
1261,2023-01-19,79,6,5,4591.19,485.15,West
1262,2024-11-02,219,9,2,1332.42,309.38,North
1263,2024-05-13,403,6,5,5044.76,1306.03,South
1264,2024-01-05,374,9,5,3535.62,1032.02,West
1265,2023-11-06,323,1,4,3567.14,391.4,South
1266,2023-04-25,138,10,2,124.55,29.04,South
1267,2023-01-28,8,4,2,659.65,146.9,South
1268,2024-03-22,257,7,2,3087.54,829.94,South
1269,2023-07-15,227,18,5,4110.72,1024.96,West
1270,2024-04-30,372,7,2,2749.86,290.44,South
1271,2024-12-20,170,2,2,97.71,18.24,East
1272,2024-04-05,322,1,1,1035.5,128.71,South
1273,2024-02-06,375,18,5,4063.87,332.15,East
1274,2024-03-01,442,2,4,218.31,52.87,East
1275,2024-07-21,96,18,5,5326.76,469.52,West
1276,2024-05-12,174,12,4,3216.74,770.14,North
1277,2023-08-26,152,15,4,4360.56,855.66,East
1278,2024-08-13,373,8,4,555.23,52.18,North
1279,2024-04-29,117,5,4,4141.82,898.75,West
1280,2024-04-04,254,17,3,1126.31,95.26,West
1281,2023-07-16,422,14,3,956.27,168.67,West
1282,2023-08-13,192,18,5,4778.82,1102.45,South
1283,2024-11-03,154,4,5,1782.34,488.89,North
1284,2024-03-02,236,4,4,1575.76,359.41,East
1285,2024-04-28,100,16,3,2810.92,747.13,West
1286,2023-08-01,356,15,5,4816.99,1179.37,East
1287,2023-05-13,80,1,4,3666.1,419.36,West
1288,2023-04-14,240,11,4,1528.49,439.4,South
1289,2023-11-07,128,11,4,1303.35,263.93,North
1290,2024-01-03,95,16,1,956.98,151.73,East
1291,2023-06-28,19,17,2,777.36,215.16,West
1292,2023-03-07,408,11,1,336.21,35.33,North
1293,2023-05-04,253,5,2,2366.59,442.55,North
1294,2023-12-30,18,10,3,184.55,46.03,North
1295,2023-10-01,220,8,5,815.54,218.36,West
1296,2024-09-10,320,15,5,5384.95,1267.67,East
1297,2024-04-13,490,17,4,1609.44,396.35,South
1298,2024-09-17,47,15,1,1059.43,284.82,South
1299,2024-07-29,301,5,1,1010.55,104.28,West
1300,2023-07-30,476,10,1,63.83,7.31,West
1301,2024-12-26,482,6,3,3153.99,603.35,West
1302,2023-06-07,171,11,1,367.38,56.43,South
1303,2023-05-06,28,4,2,791.07,139.71,North
1304,2023-01-07,156,17,4,1318.09,340.08,West
1305,2023-10-21,64,15,3,3086.16,304.76,South
1306,2024-02-29,299,5,3,3349.24,757.93,East
1307,2024-06-26,54,10,2,111.69,14.54,East
1308,2024-02-28,150,7,4,6297.12,1747.92,West
1309,2024-11-29,389,1,5,4854.82,420.17,North
1310,2023-01-11,482,14,2,683.16,132.41,West
1311,2023-03-28,327,1,1,964.19,162.33,North
1312,2024-03-20,393,9,2,1173.14,289.79,South
1313,2024-08-11,399,11,2,616.03,134.88,West
1314,2023-10-30,52,5,5,5679.5,1561.14,East
1315,2023-11-08,109,3,5,2343.4,349.2,West
1316,2023-01-09,427,18,3,3058.58,850.43,West
1317,2023-05-31,400,16,5,4562.24,812.82,East
1318,2024-07-11,228,5,2,2408.04,520.14,West
1319,2024-12-15,213,6,4,4087.68,1057.09,North
1320,2023-07-22,180,12,4,3553.33,350.15,North
1321,2023-12-09,138,16,5,4179.66,995.4,South
1322,2024-06-16,102,4,2,820.53,116.9,West
1323,2024-06-07,5,17,1,360.64,70.21,South
1324,2023-01-24,378,12,2,1386.13,353.81,East
1325,2023-09-22,63,2,5,229.83,57.53,South
1326,2024-06-01,498,12,4,2847.85,265.39,West
1327,2023-09-23,354,18,3,2898.72,457.95,West
1328,2024-10-28,390,12,1,902.15,161.23,West
1329,2023-01-06,33,13,5,256.6,76.02,South
1330,2024-08-02,411,14,5,1706.53,488.51,North
1331,2024-09-01,418,15,5,4745.64,692.03,West
1332,2024-11-19,126,17,5,1594.13,259.98,East
1333,2023-04-18,286,13,2,98.92,20.59,North
1334,2024-04-10,73,18,3,2475.94,585.71,East
1335,2023-03-25,67,9,4,2369.87,411.11,West
1336,2024-05-02,366,17,2,652.85,63.44,West
1337,2024-02-17,123,13,5,266.64,51.77,West
1338,2023-09-28,54,12,4,3281.7,722.04,East
1339,2024-12-06,173,5,4,5223.59,980.46,West
1340,2023-06-16,442,10,4,205.26,22.16,East
1341,2023-05-13,281,17,4,1611.62,310.88,West
1342,2023-05-01,129,7,5,7422.28,1337.46,South
1343,2023-06-10,105,9,1,755.68,121.86,West
1344,2024-09-08,358,5,1,1279.75,133.44,West
1345,2024-08-08,386,13,3,146.67,28.6,North
1346,2024-01-16,479,3,1,416.21,67.58,South
1347,2024-05-12,310,1,3,2623.67,292.36,North
1348,2024-03-07,403,9,5,2920.58,808.23,South
1349,2023-08-09,474,7,3,3836.93,931.32,East
1350,2023-05-06,346,16,1,874.78,82.99,East
1351,2024-03-03,392,14,1,319.85,47.38,East
1352,2023-12-12,40,4,4,1554.5,286.88,West
1353,2023-05-16,281,3,5,2368.84,452.56,West
1354,2024-04-05,176,10,4,239.4,27.0,West
1355,2023-04-02,156,18,3,3036.84,686.9,West
1356,2024-02-01,169,7,4,5195.86,867.64,South
1357,2023-02-16,99,18,5,5272.22,1454.13,West
1358,2024-10-23,183,1,3,2676.13,311.6,South
1359,2024-08-08,51,14,1,333.54,83.3,North
1360,2024-07-28,432,10,3,178.47,39.56,West
1361,2023-07-17,338,2,1,56.09,11.17,North
1362,2024-08-06,474,3,1,443.52,108.72,East
1363,2023-01-20,171,14,5,1433.47,409.92,South
1364,2023-01-20,320,11,2,659.78,82.66,East
1365,2024-03-30,19,15,5,4526.71,893.48,West
1366,2024-02-16,457,13,3,160.01,30.1,West
1367,2023-12-15,331,6,1,1049.95,179.84,West
1368,2023-11-21,408,6,5,5165.75,516.71,North
1369,2024-07-08,290,6,1,967.82,108.09,West
1370,2023-04-02,491,15,3,2777.29,803.96,East
1371,2023-03-02,11,13,2,107.44,16.28,East
1372,2023-03-01,400,12,1,754.9,76.79,East
1373,2024-02-27,108,13,2,115.72,15.82,South
1374,2023-02-23,307,15,1,939.95,230.73,North
1375,2023-08-31,108,13,5,259.56,63.73,South
1376,2023-04-28,88,3,4,1646.9,247.09,West
1377,2024-02-21,446,16,5,3779.53,326.4,East
1378,2023-01-20,438,4,2,671.97,196.19,South
1379,2023-09-10,415,5,1,1250.07,279.19,West
1380,2023-11-08,127,18,2,1901.18,338.63,West
1381,2023-07-28,24,9,5,3623.96,403.42,North
1382,2023-06-22,267,7,5,7598.18,1506.4,East
1383,2024-07-22,42,9,4,2645.39,212.21,East
1384,2024-09-27,263,7,4,5286.55,1553.49,East
1385,2023-03-03,239,10,1,64.19,11.94,West
1386,2023-09-14,135,6,5,5864.51,959.63,North
1387,2024-10-09,90,9,3,1846.67,489.28,West
1388,2023-02-16,74,9,3,1817.16,358.89,West
1389,2023-11-04,350,15,1,906.83,211.88,East
1390,2024-07-23,413,10,2,130.52,35.66,North
1391,2024-09-17,337,10,2,114.4,29.34,East
1392,2024-10-12,344,14,3,898.97,220.78,East
1393,2023-10-07,473,15,4,3810.71,1128.98,East
1394,2023-08-04,98,4,3,1066.73,226.03,West
1395,2024-12-09,335,16,1,772.74,218.61,South
1396,2024-05-02,262,17,5,1525.24,125.23,West
1397,2024-02-28,330,15,2,2087.24,486.8,West
1398,2024-02-07,124,14,4,1300.35,329.26,North
1399,2024-07-05,131,7,1,1217.85,320.37,South
1400,2024-11-19,450,14,4,1147.93,337.32,North
1401,2024-09-07,166,14,4,1234.13,146.84,South
1402,2023-05-08,181,8,1,144.96,41.45,North
1403,2023-01-10,443,1,4,3721.82,313.94,South
1404,2024-11-27,499,11,3,1185.02,188.09,East
1405,2024-09-20,156,17,1,368.1,94.92,West
1406,2023-08-28,155,8,2,333.23,97.57,East
1407,2023-10-15,66,14,1,320.93,75.38,East
1408,2023-08-03,18,7,5,6041.41,1791.51,North
1409,2023-04-24,54,17,4,1571.77,322.53,East
1410,2023-06-24,18,2,4,201.47,45.36,North
1411,2024-11-19,68,7,5,7398.0,1511.64,East
1412,2024-08-25,327,3,1,393.96,37.15,North
1413,2024-08-06,129,6,3,3533.36,967.51,South
1414,2023-07-16,287,10,3,188.38,16.03,North
1415,2024-09-21,339,17,5,1651.48,335.62,South
1416,2023-01-03,178,13,4,234.1,51.74,West
1417,2023-11-27,228,5,1,1140.3,340.86,West
1418,2023-05-05,326,1,3,3188.78,582.43,South
1419,2024-06-13,459,17,3,1145.05,314.24,West
1420,2023-02-18,280,7,2,2634.18,454.17,West
1421,2023-11-20,132,8,4,503.21,61.8,East
1422,2024-08-08,407,4,1,391.33,116.56,South
1423,2024-12-07,306,11,2,689.77,66.48,North
1424,2023-07-21,406,17,2,642.63,95.35,East
1425,2023-01-29,247,5,1,1156.05,298.0,North
1426,2024-10-03,479,6,5,6010.49,1592.25,South
1427,2023-04-21,406,11,2,699.79,203.59,East
1428,2023-12-08,484,16,1,867.91,114.64,East
1429,2024-09-06,446,7,1,1454.36,360.83,East
1430,2024-08-15,482,15,4,3668.53,1080.0,West
1431,2024-01-22,345,4,1,340.52,90.75,West
1432,2023-05-11,480,2,1,43.42,11.14,East
1433,2023-11-05,71,11,1,363.71,63.65,North
1434,2024-11-24,124,18,1,814.07,74.47,North
1435,2024-02-16,130,17,4,1257.38,308.6,North
1436,2024-09-05,7,13,2,112.58,24.46,West
1437,2024-01-29,496,3,4,1745.09,303.97,North
1438,2024-09-26,472,2,5,219.9,49.08,South
1439,2024-04-09,430,15,1,1032.3,216.08,South
1440,2023-04-16,386,8,1,126.1,29.88,North
1441,2023-07-18,171,4,5,2006.34,216.11,South
1442,2023-09-20,220,11,5,1689.96,314.18,West
1443,2024-03-31,498,1,5,4600.87,507.42,West
1444,2023-03-03,457,12,1,715.91,149.34,West
1445,2024-10-29,458,13,5,278.99,41.42,East
1446,2023-05-30,52,18,5,4192.4,620.09,East
1447,2023-10-26,59,17,3,1026.19,83.92,South
1448,2024-11-04,353,16,5,4535.12,420.0,East
1449,2024-07-26,291,9,5,3696.6,638.97,East
1450,2023-07-25,49,16,2,1795.43,223.13,East
1451,2023-12-16,210,14,1,293.04,54.11,East
1452,2024-09-06,231,16,4,3642.02,974.03,North
1453,2023-12-10,410,9,5,3464.19,596.23,West
1454,2023-04-18,451,17,2,701.49,177.91,East
1455,2024-05-22,442,2,1,45.65,3.69,East
1456,2024-12-10,396,18,2,1721.11,373.93,South
1457,2024-05-07,244,5,2,2481.27,718.5,West
1458,2024-01-20,21,12,3,2201.03,265.3,South
1459,2024-01-07,106,5,1,999.89,158.72,South
1460,2023-04-28,249,7,5,6313.16,1116.73,West
1461,2024-01-04,147,13,5,226.19,19.57,South
1462,2023-10-18,467,8,2,265.75,73.02,North
1463,2023-12-14,437,4,2,790.85,106.06,South
1464,2023-01-23,41,8,2,265.91,36.59,North
1465,2023-01-22,426,2,1,54.33,5.99,West
1466,2023-12-13,459,1,1,1136.85,167.25,West
1467,2024-01-14,65,16,2,1878.75,423.47,North
1468,2024-09-30,418,9,5,3718.6,1016.09,West
1469,2023-05-02,293,13,1,46.73,13.24,West
1470,2023-07-16,282,3,2,889.76,207.1,West
1471,2024-09-05,422,1,3,2971.61,653.61,West
1472,2024-09-22,139,4,1,368.68,98.8,West
1473,2023-06-02,75,6,3,3049.66,279.71,North
1474,2023-05-10,315,1,3,3337.23,977.96,West
1475,2023-08-03,28,11,4,1501.82,379.4,North
1476,2023-03-08,198,8,5,662.98,109.65,North
1477,2024-01-19,62,9,5,3351.61,610.46,East
1478,2024-12-30,258,13,3,150.43,35.02,East
1479,2024-04-30,283,9,4,2504.83,421.33,East
1480,2024-10-27,291,13,5,225.65,28.95,East
1481,2024-04-07,307,6,2,2360.27,394.4,North
1482,2024-03-11,49,11,3,1175.14,241.73,East
1483,2023-09-18,335,11,3,1072.95,117.54,South
1484,2023-10-30,273,7,1,1384.02,217.77,East
1485,2023-02-12,461,4,5,1780.69,385.78,East
1486,2024-04-06,231,2,4,196.69,33.43,North
1487,2023-11-21,367,2,4,185.66,15.86,East
1488,2023-08-28,29,13,4,194.13,18.77,North
1489,2023-10-29,321,12,1,879.55,169.59,West
1490,2023-10-11,341,17,1,398.7,40.53,North
1491,2024-01-04,289,3,1,382.63,47.47,West
1492,2024-11-22,214,6,2,2034.06,298.19,East
1493,2023-07-15,17,15,3,3262.81,977.4,West
1494,2023-09-25,451,11,5,1515.26,221.05,East
1495,2024-02-18,35,3,3,1490.77,388.81,West
1496,2024-04-28,462,10,1,59.63,17.75,South
1497,2024-02-12,355,17,2,655.44,156.74,North
1498,2024-04-30,242,12,2,1480.36,309.6,North
1499,2024-04-24,235,14,5,1710.14,310.4,North
1500,2023-11-17,376,7,1,1545.26,269.39,South
1501,2023-08-03,468,7,4,5526.72,1479.21,East
1502,2024-01-19,477,2,1,44.51,12.12,North
1503,2023-01-10,185,18,3,2797.07,629.19,West
1504,2023-12-14,356,4,3,994.49,172.7,East
1505,2024-12-08,60,1,4,4086.99,620.15,North
1506,2024-08-04,348,6,1,1156.37,327.1,East
1507,2023-12-05,130,2,2,101.2,25.89,North
1508,2024-08-10,96,9,5,3704.49,1095.19,West
1509,2024-02-05,118,10,2,100.0,16.5,South
1510,2023-04-22,16,3,4,1676.9,489.03,South
1511,2023-04-06,20,17,3,966.06,220.72,South
1512,2023-02-02,420,5,2,2542.33,540.86,South
1513,2023-07-11,369,12,1,732.23,205.39,North
1514,2023-10-18,243,16,4,3162.14,455.48,North
1515,2023-03-13,353,14,5,1587.09,255.69,East
1516,2023-06-25,54,17,1,337.79,94.63,East
1517,2023-06-10,231,3,4,2009.75,217.88,North
1518,2024-05-04,454,11,4,1508.2,249.73,North
1519,2023-05-14,456,12,2,1771.85,262.49,East
1520,2023-06-12,364,1,4,4163.37,1193.28,South
1521,2023-07-27,437,9,5,3355.34,773.96,South
1522,2023-07-26,415,6,3,2756.18,307.02,West
1523,2024-02-13,150,16,1,888.91,119.38,West
1524,2024-08-05,175,18,3,3100.32,561.92,North
1525,2023-02-10,493,6,5,5708.41,818.25,West
1526,2023-12-22,81,8,4,619.61,146.58,South
1527,2024-02-05,9,16,3,2672.79,690.11,South
1528,2024-03-01,95,2,2,92.15,25.62,East
1529,2024-04-13,285,17,4,1374.69,309.3,South
1530,2023-04-08,275,1,5,4900.71,1411.66,East
1531,2023-06-11,141,5,2,2175.11,474.56,South
1532,2024-11-13,440,13,3,174.61,40.78,East
1533,2024-05-20,92,9,2,1307.19,323.67,East
1534,2024-01-13,366,15,1,902.96,93.14,West
1535,2024-02-24,492,16,3,2552.88,346.19,East
1536,2023-02-15,215,16,5,4268.64,410.23,South
1537,2024-01-26,209,13,4,198.77,33.36,West
1538,2024-02-11,130,5,2,2018.31,272.74,North
1539,2023-12-01,453,6,2,2242.43,408.42,North
1540,2023-03-11,160,15,4,3618.9,812.61,West
1541,2023-05-24,406,14,4,1275.6,180.38,East
1542,2023-06-24,476,5,2,2550.31,544.59,West
1543,2023-10-29,417,6,2,1908.76,464.05,South
1544,2023-03-21,189,11,2,739.65,61.0,West
1545,2023-06-07,284,13,3,153.41,18.28,West
1546,2024-11-22,71,18,1,941.01,166.8,North
1547,2024-10-12,249,13,1,56.65,12.52,West
1548,2024-02-04,268,3,1,464.75,82.58,West
1549,2023-01-05,38,12,5,3489.11,568.82,West
1550,2023-09-13,324,7,2,2711.9,359.27,West
1551,2023-01-17,17,9,1,655.59,195.13,West
1552,2023-07-16,168,11,3,1112.06,104.42,North
1553,2024-11-11,48,8,1,132.61,15.48,East
1554,2024-06-08,264,13,4,184.75,28.08,East
1555,2024-10-03,188,13,5,237.02,29.76,East
1556,2024-02-09,154,10,5,321.42,34.26,North
1557,2023-04-19,442,11,2,676.22,79.93,East
1558,2024-10-31,403,15,4,3893.25,644.8,South
1559,2023-08-14,434,9,4,2349.77,609.34,North
1560,2024-01-13,369,12,5,3483.7,957.32,North
1561,2023-11-05,213,14,4,1384.66,262.96,North
1562,2024-12-30,435,16,1,871.98,259.78,North
1563,2023-06-25,67,18,5,4331.63,436.82,West
1564,2024-10-08,97,14,3,1018.86,233.46,West
1565,2023-12-07,185,12,2,1453.63,359.89,West
1566,2024-11-13,52,7,3,4197.41,645.24,East
1567,2024-08-22,117,2,5,244.55,47.06,West
1568,2024-05-30,250,10,2,117.09,34.83,South
1569,2023-01-22,83,4,2,743.33,206.12,South
1570,2023-08-31,500,1,3,3238.81,798.67,West
1571,2023-03-23,286,6,5,4673.79,759.0,North
1572,2023-07-26,410,14,3,868.74,108.56,West
1573,2023-09-01,439,3,1,494.1,104.54,East
1574,2023-12-03,403,5,4,4164.84,624.14,South
1575,2024-06-17,94,6,1,1158.33,198.39,South
1576,2023-01-25,184,9,3,1856.02,447.73,South
1577,2023-09-06,271,5,3,3194.94,293.6,East
1578,2024-12-04,396,3,2,931.0,120.04,South
1579,2024-06-17,470,9,4,2545.68,451.4,West
1580,2023-03-08,334,7,1,1554.93,148.34,West
1581,2023-02-23,145,4,2,747.04,83.02,East
1582,2023-05-09,230,8,2,258.85,54.46,North
1583,2023-08-30,387,2,2,99.48,17.29,West
1584,2023-11-15,421,8,4,529.83,65.41,South
1585,2023-06-30,4,1,4,4165.84,611.05,West
1586,2024-04-04,148,7,5,7971.26,990.89,West
1587,2023-03-23,312,17,4,1604.71,255.32,East
1588,2023-06-21,403,4,4,1426.8,246.83,South
1589,2024-03-19,476,8,5,787.07,204.88,West
1590,2023-01-21,321,18,4,4008.76,697.63,West
1591,2023-11-04,254,17,1,365.05,41.48,West
1592,2023-09-21,90,16,2,1667.16,245.55,West
1593,2024-01-20,489,10,3,174.4,32.4,West
1594,2023-05-20,60,10,3,181.88,22.38,North
1595,2023-01-05,326,13,2,89.55,17.03,South
1596,2024-05-18,415,11,3,1028.83,176.42,West
1597,2024-01-18,232,2,4,191.96,28.36,East
1598,2023-03-14,73,8,5,713.49,63.17,East
1599,2024-01-30,12,9,1,753.39,87.18,East
1600,2023-09-19,426,13,4,224.19,55.0,West
1601,2024-06-05,358,14,3,1022.4,224.62,West
1602,2024-12-14,131,5,3,3047.33,502.12,South
1603,2023-09-10,166,18,4,3455.09,302.64,South
1604,2024-10-08,86,7,3,4467.94,385.21,North
1605,2023-09-25,4,11,2,726.36,209.0,West
1606,2023-09-18,230,3,2,817.94,169.51,North
1607,2023-01-13,127,2,2,88.4,8.87,West
1608,2024-02-12,399,3,4,1866.93,549.46,West
1609,2024-06-14,417,10,1,63.81,17.4,South
1610,2024-03-13,72,18,2,1733.15,253.89,North
1611,2024-11-05,373,9,5,3723.37,777.95,North
1612,2023-04-02,234,7,4,4997.29,1029.31,North
1613,2023-05-27,431,4,3,1007.91,127.09,West
1614,2024-12-16,332,11,4,1332.91,396.07,East
1615,2023-01-02,380,6,4,3784.18,946.89,West
1616,2024-06-21,337,13,4,203.12,29.13,East
1617,2023-06-24,32,9,4,2434.37,294.58,West
1618,2023-07-22,20,9,2,1336.0,254.61,South
1619,2024-04-06,121,9,1,683.45,86.64,East
1620,2023-03-02,91,9,2,1436.95,370.76,West
1621,2023-09-23,291,7,2,3200.74,869.82,East
1622,2024-10-03,189,4,4,1608.61,167.33,West
1623,2023-03-23,355,18,2,1754.6,286.18,North
1624,2023-03-07,334,4,3,1030.46,215.2,West
1625,2024-05-11,110,8,4,615.0,62.84,South
1626,2023-09-30,211,5,1,1246.36,101.69,North
1627,2023-02-12,463,13,5,230.13,44.86,East
1628,2024-01-20,253,7,1,1447.7,430.14,North
1629,2024-05-12,174,9,3,1996.39,307.74,North
1630,2023-12-11,324,14,4,1238.84,341.71,West
1631,2023-09-03,398,6,3,3611.73,817.4,West
1632,2024-09-17,460,3,4,1540.08,243.84,North
1633,2023-04-13,309,4,3,925.92,251.4,East
1634,2023-05-23,317,2,4,171.63,18.37,East
1635,2023-10-14,454,3,5,2487.92,610.33,North
1636,2024-01-13,209,4,2,709.53,163.87,West
1637,2024-06-11,169,10,4,222.81,27.04,South
1638,2023-01-18,21,7,3,4380.21,1192.1,South
1639,2024-11-25,137,11,3,1040.85,222.21,South
1640,2024-09-19,369,16,4,3742.18,586.15,North
1641,2024-11-05,179,14,4,1417.58,395.71,East
1642,2023-10-28,111,1,4,4167.37,986.11,East
1643,2024-08-08,215,10,5,308.84,73.4,South
1644,2023-05-11,302,6,1,1068.56,105.96,East
1645,2024-04-23,53,9,5,3034.96,540.78,South
1646,2024-05-08,397,5,1,1216.74,161.82,North
1647,2023-06-24,346,7,2,3016.15,679.07,East
1648,2023-04-19,499,3,1,432.58,102.72,East
1649,2023-12-01,29,10,2,127.38,31.67,North
1650,2023-09-21,138,4,2,753.53,218.02,South
1651,2024-11-12,452,18,1,835.37,165.07,West
1652,2023-04-03,197,12,4,3475.11,532.44,South
1653,2024-08-12,467,16,2,1857.47,394.06,North
1654,2024-01-22,360,6,3,3583.48,872.41,East
1655,2024-10-31,281,15,4,4275.81,870.63,West
1656,2023-08-27,39,5,4,4283.48,451.7,North
1657,2023-04-25,226,11,1,311.17,75.59,North
1658,2023-04-29,419,14,2,656.55,70.93,South
1659,2024-01-25,194,18,3,2858.7,229.75,West
1660,2024-08-27,190,10,1,57.7,15.37,East
1661,2023-11-24,446,3,4,1899.78,485.31,East
1662,2024-06-16,461,5,2,2434.21,511.11,East
1663,2024-02-09,206,16,1,742.03,198.51,West
1664,2023-05-29,319,17,3,1162.45,168.91,North
1665,2024-05-26,425,17,2,747.32,84.02,East
1666,2023-05-30,243,5,3,3734.34,996.35,North
1667,2024-09-05,300,13,1,49.34,9.4,North
1668,2023-10-08,232,16,1,985.57,232.04,East
1669,2024-10-08,240,3,4,1928.69,364.34,South
1670,2023-03-02,38,11,4,1604.1,245.9,West
1671,2023-08-19,7,14,2,679.99,62.26,West
1672,2024-05-14,198,2,2,105.72,15.41,North
1673,2023-01-23,23,10,2,115.8,17.86,East
1674,2023-12-23,266,2,4,213.15,35.39,West
1675,2023-10-17,245,4,5,1686.71,477.46,East
1676,2024-02-08,418,8,5,648.3,97.99,West
1677,2023-02-25,236,5,5,6394.57,1509.82,East
1678,2024-11-01,425,9,4,2424.63,267.35,East
1679,2023-10-26,100,7,4,6263.69,790.16,West
1680,2024-10-28,251,6,2,1838.48,440.7,West
1681,2023-04-15,88,16,5,4535.15,1349.06,West
1682,2024-01-21,210,15,2,2318.88,403.4,East
1683,2023-02-27,128,11,2,623.74,183.58,North
1684,2023-02-23,450,1,2,1800.74,348.26,North
1685,2024-08-30,284,8,3,431.24,48.59,West
1686,2023-09-08,95,8,4,508.04,67.56,East
1687,2023-11-06,379,13,4,219.24,63.58,East
1688,2024-12-09,149,4,4,1640.75,373.37,East
1689,2024-04-19,379,2,1,54.81,12.23,East
1690,2024-10-09,136,11,3,1103.97,177.53,West
1691,2023-04-30,10,16,1,760.14,142.62,South
1692,2023-08-19,413,11,5,1522.56,313.73,North
1693,2024-05-06,432,13,5,243.27,59.35,West
1694,2023-07-05,394,14,5,1554.61,466.37,East
1695,2023-11-02,194,7,4,5740.06,584.78,West
1696,2024-07-04,14,5,1,1058.03,273.85,West
1697,2024-02-08,497,2,1,50.43,9.99,North
1698,2024-05-15,206,1,5,4424.7,1168.88,West
1699,2024-10-29,367,4,5,1605.38,394.37,East
1700,2023-07-05,125,15,1,1133.49,264.04,South
1701,2024-07-22,195,2,1,48.89,7.29,North
1702,2023-05-12,12,1,1,1032.57,230.86,East
1703,2024-07-29,468,3,1,410.15,100.76,East
1704,2023-05-08,180,16,1,864.57,138.32,North
1705,2023-06-25,299,10,5,279.32,80.43,East
1706,2023-09-12,443,10,1,53.87,15.52,South
1707,2023-10-28,248,5,5,6077.9,1081.15,East
1708,2024-05-17,4,10,5,301.52,58.79,West
1709,2024-09-12,182,9,3,2033.74,256.59,East
1710,2024-11-09,393,3,1,481.05,63.58,South
1711,2023-05-26,342,7,2,2651.68,697.86,South
1712,2024-09-08,192,6,2,2170.2,456.16,South
1713,2023-05-12,329,12,3,2560.71,442.6,South
1714,2023-09-19,22,12,5,3731.74,831.99,East
1715,2024-02-14,194,10,2,112.81,32.47,West
1716,2024-12-12,381,14,4,1155.22,144.2,East
1717,2024-10-10,458,2,3,157.27,19.25,East
1718,2024-07-31,467,7,3,4408.59,1148.49,North
1719,2023-06-17,196,11,5,1722.34,195.95,South
1720,2024-01-24,408,7,4,4863.3,1034.88,North
1721,2023-10-04,497,6,1,954.52,99.46,North
1722,2024-02-21,329,6,5,4683.01,1034.19,South
1723,2023-12-08,62,16,3,2794.88,313.56,East
1724,2023-10-08,183,4,2,618.67,100.83,South
1725,2024-01-23,189,8,2,330.86,83.44,West
1726,2023-06-29,198,5,1,1171.5,319.37,North
1727,2024-05-16,446,16,5,3816.62,598.29,East
1728,2023-10-16,181,9,5,3402.34,726.89,North
1729,2023-06-24,150,11,1,334.23,82.02,West
1730,2023-12-20,153,10,2,124.23,28.46,East
1731,2024-07-18,424,6,5,5490.49,1465.51,South
1732,2024-08-29,185,15,4,3671.76,301.41,West
1733,2023-06-09,3,2,5,259.34,28.89,East
1734,2023-10-01,172,11,5,1537.59,368.39,East
1735,2024-12-25,136,4,3,1164.7,266.96,West
1736,2024-12-24,309,17,4,1404.39,247.97,East
1737,2024-04-24,18,9,3,2013.06,283.2,North
1738,2024-06-17,202,9,4,3020.87,827.43,North
1739,2023-11-09,260,1,2,2100.12,208.18,North
1740,2024-02-21,379,13,3,168.12,44.71,East
1741,2023-03-20,284,18,1,993.67,286.05,West
1742,2024-08-12,192,16,2,1507.84,367.23,South
1743,2024-05-19,248,10,5,310.76,25.59,East
1744,2024-11-24,292,16,4,3460.8,833.28,East
1745,2024-05-24,433,2,4,199.39,59.73,North
1746,2024-12-15,76,2,5,221.56,18.4,East
1747,2023-01-08,223,2,2,105.34,24.71,North
1748,2023-09-08,92,8,3,501.62,113.09,East
1749,2024-12-01,362,6,5,5512.75,1177.65,South
1750,2024-11-21,317,3,2,989.91,245.51,East
1751,2023-06-29,116,15,2,1805.09,477.75,West
1752,2023-12-28,270,13,5,293.71,50.81,East
1753,2023-06-24,437,2,4,191.35,20.07,South
1754,2024-07-06,205,4,2,791.52,212.7,North
1755,2023-11-03,9,13,3,155.3,21.47,South
1756,2024-10-08,398,13,1,53.04,6.78,West
1757,2024-10-20,156,2,3,149.56,41.36,West
1758,2024-09-24,358,3,4,1938.6,179.61,West
1759,2024-09-22,365,8,1,144.86,21.1,South
1760,2023-01-06,426,3,1,421.85,100.79,West
1761,2023-12-30,212,1,4,3476.14,607.55,North
1762,2023-03-28,54,2,2,100.09,27.79,East
1763,2023-05-07,446,15,4,4593.97,374.5,East
1764,2023-08-20,218,7,3,4183.63,679.2,North
1765,2024-03-14,79,13,3,173.54,34.36,West
1766,2023-04-22,341,7,3,4808.85,1079.02,North
1767,2023-06-15,424,11,4,1265.13,309.15,South
1768,2024-01-03,436,1,1,1121.67,264.75,West
1769,2023-07-14,174,9,1,629.38,68.86,North
1770,2023-12-06,222,5,4,5183.68,597.52,West
1771,2024-05-05,146,15,2,2324.34,688.57,South
1772,2024-03-07,84,11,1,351.46,66.43,West
1773,2023-11-29,340,11,2,755.7,190.19,South
1774,2024-05-28,237,12,4,3411.43,829.72,East
1775,2023-05-15,111,8,4,520.72,54.02,East
1776,2023-05-10,284,4,1,324.31,61.62,West
1777,2023-02-23,257,14,2,675.93,104.95,South
1778,2023-01-09,379,15,5,5039.86,724.14,East
1779,2023-03-26,282,4,4,1546.09,207.96,West
1780,2024-06-07,487,7,2,2560.99,363.28,East
1781,2023-09-27,362,18,1,1064.08,143.03,South
1782,2023-07-23,488,15,4,4078.34,1028.55,West
1783,2024-12-18,459,13,1,55.44,11.89,West
1784,2024-08-28,274,9,2,1390.58,156.75,East
1785,2023-05-16,30,7,1,1366.65,191.67,North
1786,2023-05-30,358,6,2,2093.36,451.38,West
1787,2023-02-22,20,18,1,900.54,176.05,South
1788,2023-08-16,89,9,2,1278.41,237.05,West
1789,2024-03-13,70,4,5,1872.48,275.15,East
1790,2024-01-08,370,12,3,2252.7,354.18,South
1791,2023-09-10,156,2,4,188.31,17.03,West
1792,2023-01-01,241,4,1,313.68,76.49,South
1793,2023-10-20,176,16,2,1712.34,479.23,West
1794,2024-03-17,387,6,1,972.92,280.82,West
1795,2023-12-09,436,5,3,3293.14,333.65,West
1796,2024-11-30,466,17,1,360.64,97.24,West
1797,2024-01-05,265,4,3,1153.52,183.99,East
1798,2024-06-25,364,8,5,754.5,99.91,South
1799,2023-08-04,128,12,3,2461.29,244.14,North
1800,2023-05-14,275,12,1,830.78,176.46,East
1801,2024-08-23,434,3,1,499.76,137.18,North
1802,2023-07-17,212,18,2,1973.87,559.81,North
1803,2024-07-13,302,6,1,1105.55,161.77,East
1804,2023-07-26,183,11,4,1423.76,162.04,South
1805,2023-07-16,86,7,2,2746.91,649.79,North
1806,2023-12-22,124,18,5,5188.08,926.93,North
1807,2024-03-22,407,6,1,937.14,161.36,South
1808,2023-01-23,455,18,5,4218.41,591.9,South
1809,2023-10-24,285,16,2,1501.94,307.23,South
1810,2024-02-12,285,8,2,292.62,57.69,South
1811,2023-03-18,160,13,5,235.23,57.67,West
1812,2024-07-29,139,3,4,1903.85,320.2,West
1813,2023-07-31,188,13,3,141.96,16.35,East
1814,2024-08-29,311,6,2,2258.58,617.53,West
1815,2024-04-11,342,15,5,5141.84,1226.47,South
1816,2023-11-07,2,14,3,1061.91,154.19,North
1817,2024-07-19,439,13,3,139.07,17.98,East
1818,2023-09-01,174,2,5,233.41,51.52,North
1819,2023-05-17,125,14,3,901.47,228.92,South
1820,2023-08-04,187,10,2,115.37,9.27,West
1821,2024-10-09,225,11,3,1089.45,175.62,West
1822,2024-12-23,153,16,1,957.74,132.25,East
1823,2024-02-23,238,8,2,326.38,47.28,East
1824,2024-10-02,312,17,1,387.46,101.23,East
1825,2023-10-14,60,13,2,94.43,27.74,North
1826,2024-11-04,274,18,5,5299.77,1331.31,East
1827,2023-04-19,389,6,5,5685.98,1315.65,North
1828,2024-10-03,100,7,3,4380.85,881.4,West
1829,2023-08-14,265,2,4,188.57,23.55,East
1830,2023-06-09,288,8,4,577.04,138.81,West
1831,2024-01-13,121,4,4,1294.27,239.93,East
1832,2023-07-05,204,3,4,1742.66,452.1,North
1833,2023-07-13,493,3,2,899.1,258.53,West
1834,2024-10-25,377,18,2,1748.69,259.22,South
1835,2024-02-08,186,18,2,1964.65,238.36,West
1836,2023-03-15,100,13,2,101.85,18.34,West
1837,2023-04-13,64,2,4,211.26,23.28,South
1838,2024-09-09,464,17,1,314.74,51.77,South
1839,2023-01-14,436,1,1,1086.98,241.08,West
1840,2023-05-16,490,1,1,938.2,92.31,South
1841,2024-10-04,359,1,2,2079.33,528.83,East
1842,2023-04-19,373,9,1,678.71,176.48,North
1843,2023-07-27,461,3,1,395.35,97.7,East
1844,2023-06-17,278,1,4,3821.02,708.26,South
1845,2023-02-27,233,16,2,1747.58,242.63,North
1846,2023-05-07,7,2,5,214.22,19.24,West
1847,2023-10-31,31,5,5,5153.39,1417.29,East
1848,2023-05-26,356,9,4,2300.1,297.52,East
1849,2024-03-13,158,4,2,695.86,109.76,North
1850,2023-08-20,149,1,3,3398.05,783.49,East
1851,2024-05-18,349,17,1,321.83,33.54,West
1852,2023-10-16,277,10,1,54.79,11.8,South
1853,2024-01-05,144,4,1,403.22,113.86,East
1854,2024-09-11,87,16,1,777.02,135.43,West
1855,2024-09-06,165,3,3,1201.95,208.6,West
1856,2024-10-01,489,3,3,1442.32,225.93,West
1857,2023-10-05,383,16,1,965.7,217.84,East
1858,2024-12-29,172,18,3,3035.94,769.76,East
1859,2024-11-02,324,17,2,639.0,71.89,West
1860,2024-05-04,112,10,4,249.02,26.12,South
1861,2023-10-13,233,9,4,2410.05,364.09,North
1862,2023-07-06,209,5,2,2503.17,394.43,West
1863,2024-03-10,419,1,4,4021.93,1182.56,South
1864,2024-10-13,203,6,5,5091.6,1305.85,West
1865,2024-01-28,193,5,2,2271.37,430.11,South
1866,2024-05-19,472,14,5,1622.84,423.09,South
1867,2023-03-27,441,8,4,599.63,103.62,West
1868,2024-12-11,166,11,5,1919.58,246.19,South
1869,2023-08-29,131,2,1,47.67,5.95,South
1870,2024-01-07,281,1,1,1027.75,298.74,West
1871,2023-03-03,31,15,1,1147.98,182.98,East
1872,2023-10-29,71,14,2,635.89,167.72,North
1873,2024-03-07,8,1,5,4682.57,1227.4,South
1874,2023-05-22,164,7,1,1252.52,291.93,North
1875,2024-01-22,387,14,2,686.0,159.94,West
1876,2024-01-16,469,6,4,3731.89,385.59,West
1877,2023-03-17,393,9,5,3330.77,701.67,South
1878,2023-01-31,190,3,2,792.62,88.05,East
1879,2023-03-20,228,13,2,89.54,23.53,West
1880,2023-06-03,251,12,4,3447.53,632.1,West
1881,2024-06-24,358,10,2,120.72,17.61,West
1882,2023-12-12,35,18,4,3669.94,814.24,West
1883,2023-10-21,436,7,1,1250.12,116.51,West
1884,2024-09-10,437,1,1,1083.42,206.64,South
1885,2024-02-10,489,1,1,1106.97,254.14,West
1886,2024-07-21,271,7,4,5965.05,815.85,East
1887,2024-05-28,187,13,5,245.67,31.94,West
1888,2023-10-06,219,11,2,800.43,155.87,North
1889,2023-08-05,500,8,2,284.7,26.28,West
1890,2023-07-08,82,12,4,3499.79,1031.45,East
1891,2023-03-21,362,10,5,311.43,57.01,South
1892,2024-10-30,11,12,3,2500.82,655.2,East
1893,2023-02-25,199,16,2,1875.72,416.9,West
1894,2023-10-04,312,14,2,571.21,55.47,East
1895,2023-12-10,431,11,5,1525.09,216.69,West
1896,2023-04-20,114,11,5,1543.86,326.32,North
1897,2023-07-12,56,16,3,2627.41,579.2,East
1898,2023-09-04,71,10,1,53.35,15.73,North
1899,2023-02-15,124,13,5,264.82,67.22,North
1900,2023-02-19,254,12,1,758.69,218.18,West
1901,2024-01-01,277,7,1,1507.44,438.55,South
1902,2023-07-19,344,2,5,235.01,39.0,East
1903,2023-05-13,174,4,3,1141.61,115.79,North
1904,2024-05-30,32,5,4,4120.64,1061.68,West
1905,2023-01-25,287,6,2,2191.65,359.57,North
1906,2023-02-08,23,11,5,1657.09,187.81,East
1907,2023-03-22,449,3,4,1957.16,196.74,North
1908,2023-08-09,264,6,2,2326.25,520.91,East
1909,2024-05-28,450,3,2,885.66,212.84,North
1910,2023-12-16,427,18,5,4592.1,499.91,West
1911,2024-01-04,262,18,3,2895.91,830.64,West
1912,2024-12-30,263,8,1,157.99,26.11,East
1913,2024-09-17,188,5,2,2396.42,696.79,East
1914,2024-10-04,160,7,5,8024.86,813.96,West
1915,2023-05-27,440,5,1,1251.18,185.3,East
1916,2024-05-25,122,10,1,50.5,7.53,North
1917,2023-06-15,46,15,3,2701.51,558.76,North
1918,2023-04-02,206,12,3,2108.89,498.42,West
1919,2023-09-22,214,17,4,1618.98,478.03,East
1920,2024-10-27,192,9,4,3007.45,862.42,South
1921,2024-05-14,137,18,5,4048.78,1089.04,South
1922,2024-02-23,264,17,4,1566.53,441.4,East
1923,2024-03-27,378,16,2,1660.39,441.44,East
1924,2024-01-18,75,9,3,1772.37,302.9,North
1925,2023-09-27,229,4,4,1593.99,475.13,East
1926,2024-09-27,235,18,1,1059.6,98.07,North
1927,2024-12-17,91,9,2,1464.28,119.7,West
1928,2023-10-25,78,8,1,141.32,29.03,South
1929,2023-08-17,297,12,1,775.54,140.92,North
1930,2023-12-24,155,11,1,349.12,77.28,East
1931,2023-04-22,339,9,4,2364.95,569.93,South
1932,2024-03-19,211,16,4,3155.8,480.69,North
1933,2023-12-17,500,15,3,3518.85,657.97,West
1934,2023-04-28,269,3,4,1651.47,146.03,North
1935,2024-04-26,425,1,2,1817.01,230.69,East
1936,2023-02-02,204,8,5,834.69,208.94,North
1937,2024-01-06,475,11,1,381.73,112.72,South
1938,2023-02-25,385,14,2,590.15,50.19,North
1939,2023-10-04,201,2,4,184.47,21.9,West
1940,2023-03-12,213,3,2,824.61,80.79,North
1941,2024-03-05,244,5,4,4683.75,1064.72,West
1942,2023-07-08,387,13,3,170.79,17.14,West
1943,2023-12-17,191,15,4,4652.98,676.17,North
1944,2023-12-24,266,7,2,3167.78,589.07,West
1945,2024-12-06,268,16,5,4665.27,1364.26,West
1946,2023-12-30,475,18,4,4169.31,856.67,South
1947,2024-07-28,428,10,1,61.74,13.05,East
1948,2024-11-14,410,18,1,953.32,106.6,West
1949,2023-01-15,270,8,3,395.66,71.58,East
1950,2024-05-26,156,3,2,973.32,102.19,West
1951,2023-09-27,145,17,4,1429.94,115.55,East
1952,2023-05-09,1,15,4,4266.65,941.06,East
1953,2023-04-10,416,10,5,247.78,60.47,South
1954,2024-03-06,466,7,2,2970.5,743.71,West
1955,2024-01-22,340,13,5,238.99,30.15,South
1956,2024-11-26,485,17,2,726.37,60.41,East
1957,2023-01-17,50,6,3,3026.07,446.44,East
1958,2024-12-17,86,4,1,359.62,107.81,North
1959,2024-02-25,162,3,4,1688.43,442.71,North
1960,2024-06-19,398,3,4,2001.93,308.06,West
1961,2024-04-14,387,13,2,101.91,12.12,West
1962,2023-06-16,181,14,5,1627.56,266.83,North
1963,2024-10-11,242,16,4,3238.44,701.07,North
1964,2023-03-31,189,1,1,1099.25,113.05,West
1965,2024-09-23,430,15,1,1154.18,118.66,South
1966,2024-07-11,336,1,5,4476.36,795.46,North
1967,2023-02-03,317,15,5,5382.35,1439.11,East
1968,2023-08-17,357,12,2,1729.01,348.14,East
1969,2023-07-20,240,9,1,738.87,213.62,South
1970,2024-04-20,486,11,3,1031.36,268.66,East
1971,2023-01-08,321,9,4,3019.29,761.11,West
1972,2023-10-18,45,9,5,3130.34,704.04,South
1973,2024-02-29,482,4,3,1132.56,91.64,West
1974,2023-02-03,150,1,4,3483.84,396.26,West
1975,2024-06-15,61,10,3,187.03,39.65,East
1976,2023-06-24,51,14,3,1091.31,325.67,North
1977,2024-07-23,360,15,2,2332.43,285.46,East
1978,2023-02-22,104,4,4,1562.71,323.68,West
1979,2024-10-13,354,4,2,696.89,167.38,West
1980,2023-11-22,107,3,4,1771.82,312.24,South
1981,2024-12-28,254,10,1,62.04,11.85,West
1982,2024-02-06,339,12,5,4398.23,958.86,South
1983,2024-07-20,15,15,3,2781.54,419.82,West
1984,2023-04-06,170,1,1,873.88,72.13,East
1985,2023-06-06,297,2,5,214.69,50.6,North
1986,2024-08-08,419,4,1,347.62,84.58,South
1987,2024-04-09,191,5,2,2414.75,606.27,North
1988,2023-09-03,339,18,2,1946.09,250.63,South
1989,2024-07-02,254,12,2,1758.12,421.58,West
1990,2023-09-24,409,17,4,1486.21,208.8,West
1991,2024-10-04,257,8,2,253.11,75.09,South
1992,2023-04-24,12,1,1,999.08,210.9,East
1993,2023-05-26,27,5,1,1090.44,301.85,West
1994,2023-03-21,189,15,1,1025.56,163.58,West
1995,2024-02-05,457,4,2,637.34,162.52,West
1996,2023-03-17,71,12,4,3192.17,694.78,North
1997,2024-12-04,438,15,2,2007.48,553.54,South
1998,2023-06-14,219,9,4,2436.98,200.39,North
1999,2024-11-06,492,16,2,1759.3,375.55,East
2000,2023-05-01,372,1,1,1148.34,342.92,South
2001,2024-09-20,217,16,4,3550.86,287.99,South
2002,2023-09-18,5,1,5,5670.48,694.21,South
2003,2024-07-02,441,8,1,126.55,24.37,West
2004,2023-08-10,70,10,2,126.21,13.28,East
2005,2023-01-31,469,12,2,1523.31,195.51,West
2006,2023-10-02,407,6,2,2000.11,247.68,South
2007,2023-12-23,109,16,1,914.37,204.29,West
2008,2024-05-22,293,13,4,204.27,58.87,West
2009,2023-09-14,417,18,2,1690.57,390.78,South
2010,2024-02-07,379,7,3,3740.28,951.88,East
2011,2023-11-16,365,18,5,4216.7,528.28,South
2012,2024-03-19,481,11,4,1564.5,271.01,South
2013,2023-11-23,246,11,3,1094.82,233.86,East
2014,2023-07-24,140,10,4,232.86,37.79,East
2015,2024-04-05,20,13,1,47.07,4.12,South
2016,2023-09-17,217,15,5,5263.71,760.94,South
2017,2023-12-27,394,8,5,711.3,74.85,East
2018,2024-03-15,21,13,3,169.02,26.82,South
2019,2023-08-09,235,2,1,51.86,8.39,North
2020,2023-05-06,98,18,3,2405.33,556.65,West
2021,2023-08-07,268,15,3,3051.25,777.92,West
2022,2024-07-29,499,13,2,91.14,12.98,East
2023,2024-06-23,440,10,2,105.02,21.36,East
2024,2024-11-18,437,11,5,1548.65,428.03,South
2025,2024-11-29,69,13,4,223.3,33.48,West
2026,2023-07-22,15,17,3,973.89,249.9,West
2027,2023-02-17,207,4,4,1640.38,283.25,West
2028,2024-04-08,130,16,1,781.97,118.79,North
2029,2023-08-31,482,11,4,1441.02,205.65,West
2030,2023-01-05,40,13,5,290.67,41.44,West
2031,2023-02-07,381,14,4,1431.81,403.72,East
2032,2023-12-12,159,12,1,834.27,79.49,West
2033,2024-03-01,346,2,1,52.8,7.41,East
2034,2024-02-14,29,2,3,131.02,32.81,North
2035,2024-09-19,292,5,4,4048.97,589.76,East
2036,2024-05-20,236,8,4,644.45,188.68,East
2037,2024-01-18,42,17,1,399.83,41.02,East
2038,2023-02-18,135,5,2,2541.65,280.91,North
2039,2024-12-05,473,8,3,467.71,60.71,East
2040,2023-07-15,372,18,1,992.11,256.66,South
2041,2023-01-06,457,14,5,1807.35,489.73,West
2042,2023-02-14,301,4,3,959.13,276.59,West
2043,2023-09-28,98,14,1,305.9,65.71,West
2044,2023-10-04,384,17,4,1502.22,425.83,South
2045,2024-04-16,397,10,5,254.58,38.25,North
2046,2024-08-21,333,11,2,783.24,229.09,West
2047,2024-10-14,98,17,4,1399.92,149.68,West
2048,2023-09-04,344,9,5,3427.58,772.85,East
2049,2023-11-26,102,16,3,2790.87,519.65,West
2050,2023-09-28,358,3,1,474.3,112.17,West
2051,2024-07-25,72,2,3,163.18,21.76,North
2052,2024-12-12,418,10,2,100.47,29.52,West
2053,2023-08-06,155,4,1,309.67,39.5,East
2054,2023-07-12,142,8,4,584.0,90.46,South
2055,2024-06-24,219,7,5,7059.57,1051.45,North
2056,2024-12-26,44,17,3,1052.14,119.82,North
2057,2023-04-19,249,3,5,2464.67,315.8,West
2058,2024-01-30,224,13,3,177.23,48.02,South
2059,2023-07-27,97,1,5,5458.82,662.43,West
2060,2024-03-09,81,9,3,1818.76,268.4,South
2061,2024-10-25,188,5,5,5152.56,934.73,East
2062,2023-04-23,72,10,1,52.89,14.63,North
2063,2023-10-01,456,6,2,1850.37,417.47,East
2064,2023-12-27,170,11,4,1315.78,373.58,East
2065,2023-12-29,222,6,1,1048.26,118.6,West
2066,2024-03-17,443,1,5,5065.88,464.51,South
2067,2024-01-14,21,11,3,936.14,208.48,South
2068,2023-07-18,223,8,4,551.57,92.99,North
2069,2023-10-10,184,3,5,2222.51,419.16,South
2070,2023-04-22,482,13,4,218.84,48.63,West
2071,2023-08-13,242,11,1,313.8,86.9,North
2072,2023-09-30,70,5,5,5379.62,1060.16,East
2073,2023-08-20,262,10,3,190.09,44.46,West
2074,2024-02-06,454,6,4,4145.89,532.23,North
2075,2024-05-22,116,5,3,3194.83,807.84,West
2076,2024-10-14,268,7,3,3963.4,837.03,West
2077,2023-04-07,100,14,1,292.65,81.86,West
2078,2024-05-03,484,18,5,4980.52,1332.61,East
2079,2023-06-24,303,18,2,1766.31,168.29,South
2080,2023-12-07,161,18,2,2077.87,231.07,South
2081,2024-11-13,159,16,1,856.79,131.51,West
2082,2023-09-28,322,15,2,2278.29,267.83,South
2083,2024-08-31,455,16,1,826.6,152.29,South
2084,2024-05-15,304,16,1,955.09,175.7,North
2085,2023-01-18,310,10,1,58.22,17.34,North
2086,2024-06-21,427,17,2,711.4,175.07,West
2087,2023-04-13,493,15,1,969.9,234.68,West
2088,2024-05-17,409,17,4,1516.9,451.66,West
2089,2024-11-10,172,5,3,3474.66,556.44,East
2090,2023-12-28,147,17,1,335.19,51.43,South
2091,2024-11-10,174,11,5,1942.58,540.96,North
2092,2024-05-10,171,9,5,2981.99,688.46,South
2093,2023-06-01,264,6,1,1215.41,326.19,East
2094,2024-01-01,379,7,2,2810.89,375.99,East
2095,2024-01-04,56,5,4,4260.57,424.52,East
2096,2024-10-16,154,3,4,1565.61,219.6,North
2097,2024-04-05,423,15,5,5851.39,1595.91,West
2098,2023-09-29,495,5,2,2598.04,407.23,North
2099,2024-02-05,419,13,3,160.03,46.08,South
2100,2023-11-13,105,6,3,2924.01,606.71,West
2101,2024-09-19,367,7,3,3764.46,959.84,East
2102,2023-12-22,73,16,5,4054.41,1189.09,East
2103,2024-12-02,323,16,4,3104.18,713.35,South
2104,2023-10-24,464,4,5,1862.16,421.13,South
2105,2024-05-13,8,12,3,2257.99,577.94,South
2106,2024-04-09,442,15,1,892.52,126.97,East
2107,2023-05-07,168,3,5,1922.55,283.15,North
2108,2023-12-27,431,7,4,5882.83,471.46,West
2109,2023-05-22,171,10,3,164.03,23.34,South
2110,2024-11-12,346,10,5,323.02,65.69,East
2111,2023-10-05,156,2,1,44.57,10.75,West
2112,2024-08-22,317,13,4,232.93,33.54,East
2113,2024-04-29,82,18,1,1047.75,141.15,East
2114,2024-03-08,182,8,4,569.17,158.75,East
2115,2023-11-06,427,2,3,153.03,18.08,West
2116,2024-11-26,150,2,4,219.86,56.5,West
2117,2024-11-30,52,5,2,2503.25,337.95,East
2118,2024-07-21,133,3,4,1611.75,237.09,South
2119,2024-08-03,483,11,3,1186.75,215.34,West
2120,2024-01-20,484,7,2,3039.58,800.77,East
2121,2023-05-22,197,17,1,358.08,83.33,South
2122,2024-12-02,481,4,5,1907.79,349.21,South
2123,2024-04-22,438,12,4,3131.73,533.2,South
2124,2024-07-26,129,5,1,1005.38,250.03,South
2125,2023-05-24,55,5,1,1200.98,175.97,North
2126,2024-08-17,237,5,2,2333.52,252.02,East
2127,2024-08-02,415,16,5,4781.1,438.8,West
2128,2023-05-09,17,13,4,202.3,16.45,West
2129,2024-04-16,451,3,5,2417.49,238.42,East
2130,2024-10-27,336,11,3,938.93,197.88,North
2131,2024-08-02,413,12,3,2390.66,365.5,North
2132,2023-05-05,11,18,1,996.47,227.56,East
2133,2024-12-19,35,12,1,733.62,81.96,West
2134,2023-05-20,352,10,4,210.43,48.11,South
2135,2023-11-05,9,11,2,730.95,174.12,South
2136,2024-05-11,407,13,1,53.85,6.69,South
2137,2023-01-01,412,15,1,925.41,253.17,North
2138,2023-04-10,333,4,5,1668.64,171.53,West
2139,2024-06-01,82,10,1,56.2,5.18,East
2140,2023-11-04,455,15,1,999.23,295.97,South
2141,2024-07-13,252,13,2,96.91,20.82,West
2142,2024-11-04,169,17,4,1469.12,257.27,South
2143,2023-07-09,427,5,1,1043.67,254.46,West
2144,2023-06-24,146,18,2,1870.96,437.65,South
2145,2024-05-02,91,4,2,715.4,102.79,West
2146,2024-08-25,104,12,1,799.52,181.41,West
2147,2024-01-31,252,12,4,3385.48,350.78,West
2148,2024-03-11,345,6,4,3846.86,547.61,West
2149,2024-07-31,82,4,1,348.35,72.36,East
2150,2024-10-22,59,11,1,367.71,82.58,South
2151,2023-02-13,447,14,4,1436.32,227.0,East
2152,2024-04-24,420,8,2,325.05,58.78,South
2153,2023-06-12,447,8,1,140.56,37.71,East
2154,2023-08-04,399,3,5,2108.71,496.33,West
2155,2024-06-09,440,16,4,3020.97,677.61,East
2156,2024-11-02,372,18,3,2972.43,459.67,South
2157,2023-10-13,120,4,2,777.99,174.94,East
2158,2023-03-11,240,7,4,6294.13,1396.85,South
2159,2024-04-28,283,15,4,4233.24,506.64,East
2160,2024-11-05,369,16,5,4346.65,471.49,North
2161,2024-08-25,65,8,3,496.72,77.78,North
2162,2024-02-18,331,4,5,1576.33,136.34,West
2163,2023-08-26,146,9,2,1186.58,122.65,South
2164,2023-11-28,148,8,4,629.59,186.29,West
2165,2023-04-18,476,1,2,2252.72,266.45,West
2166,2024-03-06,390,8,4,656.79,61.49,West
2167,2023-04-28,102,8,3,381.46,93.45,West
2168,2024-01-19,43,12,4,3302.06,874.88,South
2169,2023-11-25,30,6,2,1898.68,339.66,North
2170,2024-10-14,287,10,2,116.65,14.46,North
2171,2024-05-17,91,8,3,431.7,61.71,West
2172,2023-06-15,442,10,2,112.09,22.0,East
2173,2023-03-30,489,2,2,101.6,22.19,West
2174,2023-07-28,187,9,1,581.16,64.46,West
2175,2024-01-04,91,12,1,863.93,177.13,West
2176,2023-12-15,105,2,1,45.17,10.87,West
2177,2024-05-23,159,11,5,1606.73,201.88,West
2178,2024-05-27,249,16,4,3306.36,714.39,West
2179,2023-05-22,192,7,5,7637.5,1348.42,South
2180,2023-03-14,315,16,4,3520.44,380.15,West
2181,2023-11-02,147,14,5,1424.57,270.26,South
2182,2024-09-07,463,4,1,363.88,30.92,East
2183,2023-09-15,359,10,3,166.0,26.35,East
2184,2023-10-22,177,4,2,632.01,130.56,North
2185,2024-09-17,488,18,5,4662.12,782.44,West
2186,2024-07-13,19,7,1,1485.68,155.09,West
2187,2023-09-27,447,1,4,4220.58,367.61,East
2188,2023-09-25,285,10,4,208.93,57.53,South
2189,2023-05-23,374,5,1,1064.45,276.42,West
2190,2024-11-10,214,13,3,174.43,16.35,East
2191,2023-03-16,114,11,4,1533.39,312.89,North
2192,2024-12-20,167,13,5,284.98,73.42,North
2193,2023-03-14,386,3,3,1492.32,315.76,North
2194,2023-03-24,184,7,5,7810.12,1447.45,South
2195,2023-10-05,415,7,2,2992.11,307.87,West
2196,2024-06-03,136,3,4,1624.71,255.17,West
2197,2023-11-07,286,5,4,5024.94,1370.9,North
2198,2023-01-22,428,12,2,1799.68,154.41,East
2199,2024-07-01,497,1,2,2084.24,340.7,North
2200,2024-07-19,20,4,1,357.88,59.11,South
2201,2024-12-13,230,7,4,5022.94,1176.85,North
2202,2023-05-22,258,4,5,1601.0,169.64,East
2203,2024-01-12,316,2,5,237.66,36.95,West
2204,2023-09-01,294,4,1,332.17,69.59,North
2205,2024-02-27,135,15,2,2199.76,605.89,North
2206,2024-08-04,28,4,5,1565.13,401.28,North
2207,2023-02-28,124,6,2,1879.71,202.78,North
2208,2023-10-17,466,4,2,625.63,98.18,West
2209,2023-10-27,435,8,2,262.03,43.9,North
2210,2024-11-03,474,11,1,309.93,41.85,East
2211,2023-07-30,457,9,5,3348.11,809.4,West
2212,2023-08-14,422,13,3,153.53,22.51,West
2213,2024-07-18,186,14,3,907.61,203.12,West
2214,2023-10-01,337,14,5,1524.7,303.59,East
2215,2023-02-25,492,3,1,421.47,71.81,East
2216,2024-05-12,61,2,5,232.55,29.02,East
2217,2024-06-17,105,15,2,1896.32,461.22,West
2218,2023-05-06,147,2,2,95.65,24.83,South
2219,2023-02-06,237,17,2,807.82,188.74,East
2220,2023-04-27,196,5,4,4014.71,1059.85,South
2221,2023-10-12,170,6,3,3288.45,480.41,East
2222,2023-03-03,370,14,1,301.29,64.52,South
2223,2023-01-20,340,5,4,5132.88,845.01,South
2224,2023-08-18,308,6,1,979.3,118.08,West
2225,2024-06-29,125,16,4,3010.6,442.96,South
2226,2023-12-23,235,1,5,5685.84,1593.24,North
2227,2023-09-26,334,5,3,3797.31,797.48,West
2228,2023-12-16,251,18,1,992.56,215.12,West
2229,2023-02-28,319,17,4,1546.38,311.94,North
2230,2024-07-01,305,3,3,1308.55,269.53,West
2231,2024-06-15,131,8,5,682.37,198.75,South
2232,2023-09-01,36,13,4,186.18,15.52,East
2233,2023-03-29,325,16,3,2958.17,738.64,South
2234,2023-12-12,262,11,3,1079.16,95.5,West
2235,2024-01-06,388,7,3,3940.2,532.37,East
2236,2023-01-13,97,16,5,3852.08,789.9,West
2237,2023-09-28,119,2,3,163.69,29.08,West
2238,2024-03-26,166,4,1,309.23,27.26,South
2239,2024-05-06,192,1,3,3152.01,638.14,South
2240,2023-03-01,229,9,4,2743.35,267.48,East
2241,2024-07-18,29,6,5,5061.91,476.27,North
2242,2023-09-22,204,1,2,2175.42,306.19,North
2243,2023-05-11,413,12,4,2954.95,349.83,North
2244,2024-11-02,192,6,5,4657.99,489.92,South
2245,2023-07-08,108,3,1,464.01,124.97,South
2246,2023-11-21,390,4,5,1563.17,371.75,West
2247,2023-09-23,244,17,1,403.64,33.72,West
2248,2024-07-07,25,8,3,466.97,99.06,South
2249,2023-04-22,425,7,3,3709.64,658.98,East
2250,2023-03-21,58,4,5,1663.39,252.29,North
2251,2024-11-28,147,4,3,1053.22,232.99,South
2252,2023-05-27,309,15,3,2663.23,568.69,East
2253,2023-12-10,325,11,3,1201.25,333.26,South
2254,2024-04-26,298,17,3,1200.93,173.77,South
2255,2023-06-14,132,4,1,346.17,49.85,East
2256,2024-08-28,451,7,2,2431.35,520.28,East
2257,2024-06-07,364,3,3,1403.86,341.49,South
2258,2024-12-30,471,15,5,4907.38,624.57,East
2259,2023-02-03,390,3,5,2302.8,260.25,West
2260,2023-03-21,99,12,1,906.11,270.3,West
2261,2024-05-30,252,1,5,5773.34,1262.46,West
2262,2024-07-05,206,2,4,211.75,56.43,West
2263,2023-02-22,147,4,5,1853.58,417.1,South
2264,2024-03-27,59,9,5,3177.59,390.54,South
2265,2023-10-28,188,3,5,2462.74,375.1,East
2266,2023-08-25,180,12,3,2373.05,580.45,North
2267,2024-12-10,50,11,1,326.47,78.75,East
2268,2024-01-06,157,9,4,2360.25,479.84,West
2269,2024-01-06,283,13,1,54.3,11.57,East
2270,2024-03-04,349,2,4,183.21,48.02,West
2271,2024-07-04,485,12,2,1485.5,416.0,East
2272,2024-11-12,167,4,5,1612.6,221.35,North
2273,2023-12-16,89,4,3,1021.73,100.06,West
2274,2024-06-01,122,11,4,1604.95,331.78,North
2275,2023-07-04,34,2,2,109.94,9.17,North
2276,2024-03-04,309,4,1,335.39,67.75,East
2277,2023-04-14,113,10,4,204.09,17.86,North
2278,2023-01-25,398,9,4,2828.02,842.14,West
2279,2024-06-11,159,8,2,323.75,91.33,West
2280,2023-12-29,358,4,4,1285.68,299.98,West
2281,2024-12-30,276,1,2,1902.43,293.16,West
2282,2024-08-28,424,11,3,1090.54,113.1,South
2283,2023-03-17,332,12,1,855.78,135.29,East
2284,2024-02-23,137,2,4,205.96,50.04,South
2285,2023-10-24,105,18,4,4004.21,937.09,West
2286,2024-08-26,207,9,2,1500.73,429.29,West
2287,2023-06-05,190,13,1,57.9,12.19,East
2288,2024-11-21,70,2,3,155.26,25.38,East
2289,2023-06-30,340,16,4,3460.78,724.61,South
2290,2023-08-26,77,11,1,332.15,51.5,West
2291,2024-06-14,237,2,5,276.34,57.36,East
2292,2023-10-20,169,3,4,1673.85,251.22,South
2293,2023-05-27,89,5,2,2021.07,581.89,West
2294,2024-03-16,19,9,2,1348.52,278.51,West
2295,2023-11-18,162,2,5,219.77,31.35,North
2296,2023-10-22,360,16,1,807.29,142.54,East
2297,2023-10-23,186,6,2,2406.73,329.9,West
2298,2023-04-19,397,14,5,1802.94,408.57,North
2299,2023-04-09,278,16,2,1581.54,418.37,South
2300,2023-01-29,178,14,2,661.25,58.68,West
2301,2024-07-04,366,13,5,282.3,23.0,West
2302,2024-01-14,126,6,1,978.51,281.03,East
2303,2024-03-12,27,6,5,5700.47,1109.29,West
2304,2023-10-30,261,18,4,4175.06,991.89,West
2305,2024-03-31,227,14,1,357.31,67.36,West
2306,2023-05-21,49,1,1,1153.3,277.9,East
2307,2023-12-29,68,11,1,383.14,93.39,East
2308,2023-03-18,106,5,2,2210.55,423.44,South
2309,2024-04-09,297,13,3,161.87,31.21,North
2310,2024-12-24,4,14,1,338.85,93.62,West
2311,2024-03-19,479,15,1,909.98,213.96,South
2312,2023-11-22,268,4,5,1639.45,332.48,West
2313,2024-10-11,158,2,1,51.44,6.9,North
2314,2024-01-21,320,12,5,4431.52,569.21,East
2315,2023-09-29,265,9,2,1329.73,248.12,East
2316,2024-05-23,439,8,2,274.83,33.99,East
2317,2024-06-12,329,14,1,354.4,86.78,South
2318,2024-03-20,404,13,1,45.59,9.24,West
2319,2024-12-28,356,5,2,2111.55,363.18,East
2320,2024-09-20,418,16,3,2500.62,521.27,West
2321,2024-05-10,430,8,3,443.38,128.56,South
2322,2023-08-26,183,6,3,3551.29,805.98,South
2323,2024-10-07,333,15,4,3982.44,631.49,West
2324,2023-10-30,118,7,4,4976.81,521.18,South
2325,2024-03-05,469,17,3,1209.12,183.29,West
2326,2023-04-29,223,2,4,180.17,52.32,North
2327,2023-12-22,368,13,1,54.94,12.91,North
2328,2024-05-15,276,2,4,204.27,47.22,West
2329,2023-10-25,258,4,1,335.86,42.76,East
2330,2023-03-04,104,11,4,1435.32,216.88,West
2331,2024-02-26,157,15,3,2986.1,529.22,West
2332,2023-09-24,118,2,4,221.93,30.85,South
2333,2023-12-14,338,17,2,738.44,66.49,North
2334,2024-02-24,454,4,4,1324.27,361.04,North
2335,2023-07-31,319,5,5,6277.87,654.59,North
2336,2024-09-17,275,10,5,271.7,57.9,East
2337,2023-01-22,214,13,1,56.51,5.64,East
2338,2023-12-28,32,6,3,3452.13,696.08,West
2339,2024-06-15,480,16,1,791.66,156.59,East
2340,2024-07-02,26,15,2,1993.17,474.22,West
2341,2023-06-15,99,10,3,191.47,29.28,West
2342,2024-07-20,243,14,2,686.04,196.76,North
2343,2023-01-21,456,7,1,1508.83,295.49,East
2344,2024-02-12,234,3,5,2387.35,213.2,North
2345,2023-11-05,193,17,3,921.23,201.7,South
2346,2023-02-04,213,11,2,659.28,70.68,North
2347,2024-11-02,22,2,4,192.9,50.16,East
2348,2023-03-28,195,8,3,386.37,73.79,North
2349,2023-01-21,340,17,4,1224.44,321.61,South
2350,2023-06-05,292,3,5,1949.23,408.17,East
2351,2023-07-18,290,18,4,4082.86,1098.48,West
2352,2024-03-11,33,12,3,2411.87,205.38,South
2353,2024-04-14,251,8,3,402.21,55.56,West
2354,2024-04-27,161,1,5,4876.2,850.89,South
2355,2024-02-21,372,2,2,101.0,18.82,South
2356,2024-06-02,382,16,5,4000.41,335.18,West
2357,2024-02-08,48,9,4,3028.37,750.41,East
2358,2024-04-08,308,7,1,1295.44,381.56,West
2359,2023-08-26,326,17,4,1400.04,258.86,South
2360,2024-10-20,332,11,1,333.48,37.23,East
2361,2023-04-08,447,1,1,1028.47,129.27,East
2362,2024-08-30,82,16,4,3205.61,356.12,East
2363,2024-04-29,234,13,5,261.82,69.31,North
2364,2023-03-02,79,15,2,2211.46,299.53,West
2365,2023-12-12,312,5,3,3821.31,336.4,East
2366,2024-09-05,118,2,5,241.54,19.62,South
2367,2024-07-29,224,14,2,697.32,139.48,South
2368,2024-10-29,14,18,3,2586.03,469.37,West
2369,2024-06-10,183,11,4,1432.32,347.67,South
2370,2023-04-18,98,18,1,912.62,88.57,West
2371,2023-01-14,56,2,2,89.68,21.94,East
2372,2023-07-22,500,6,2,2100.26,617.1,West
2373,2024-03-10,426,14,1,321.14,69.93,West
2374,2024-05-13,36,11,5,1581.41,430.66,East
2375,2024-02-13,16,1,4,3476.6,368.06,South
2376,2024-11-23,131,12,3,2246.21,339.01,South
2377,2024-07-31,390,18,3,2917.29,324.21,West
2378,2024-12-02,15,9,5,3069.84,660.26,West
2379,2024-06-15,16,9,3,2071.86,380.94,South
2380,2023-12-05,42,1,2,2268.48,540.87,East
2381,2023-06-18,224,9,2,1350.53,354.47,South
2382,2023-11-22,364,11,1,344.13,38.91,South
2383,2023-01-06,344,18,1,882.28,107.01,East
2384,2024-07-04,52,3,1,435.56,43.92,East
2385,2024-04-24,60,13,5,267.1,25.29,North
2386,2023-08-20,306,14,5,1536.69,127.71,North
2387,2023-10-09,383,8,2,274.97,77.14,East
2388,2024-08-21,393,11,4,1502.63,241.62,South
2389,2023-09-18,10,11,4,1434.86,317.32,South
2390,2023-03-21,205,18,2,1914.18,196.5,North
2391,2023-10-14,121,12,2,1455.0,296.83,East
2392,2024-06-18,220,11,2,722.71,179.62,West
2393,2024-08-12,75,8,3,473.71,99.61,North
2394,2024-09-22,227,11,3,1108.59,204.15,West
2395,2023-01-03,261,7,2,3040.35,904.81,West
2396,2024-09-21,52,17,1,319.49,37.14,East
2397,2023-11-28,278,16,1,758.95,222.65,South
2398,2024-06-07,35,6,2,2326.1,403.79,West
2399,2023-12-01,116,12,4,3023.74,747.47,West
2400,2024-07-27,220,16,2,1673.47,418.81,West
2401,2023-12-30,392,3,4,1668.29,325.04,East
2402,2023-03-22,417,3,5,2445.25,648.68,South
2403,2024-10-10,437,17,2,778.51,184.11,South
2404,2024-07-27,153,17,4,1397.83,325.59,East
2405,2024-12-02,156,2,3,132.74,36.89,West
2406,2023-07-02,103,8,3,379.93,60.96,East
2407,2024-11-17,298,17,4,1358.98,235.51,South
2408,2024-07-27,57,9,5,3713.45,1049.17,East
2409,2024-01-27,344,9,2,1292.98,368.89,East
2410,2023-07-20,161,4,1,353.76,69.24,South
2411,2024-08-23,243,17,1,336.13,33.85,North
2412,2023-09-17,154,5,3,3490.9,289.25,North
2413,2023-02-04,106,11,3,1102.16,243.76,South
2414,2023-02-14,160,7,4,6422.03,1508.78,West
2415,2024-10-02,103,15,3,2691.88,554.2,East
2416,2024-04-27,104,4,1,410.81,90.01,West
2417,2023-06-27,452,11,4,1399.54,381.36,West
2418,2023-04-17,467,17,5,1542.46,133.18,North
2419,2024-12-23,172,14,2,686.57,186.47,East
2420,2023-03-26,15,1,2,1975.32,525.59,West
2421,2024-03-30,246,7,1,1461.56,136.97,East
2422,2024-07-11,366,6,1,1001.22,267.89,West
2423,2023-01-18,416,18,5,4439.16,1011.41,South
2424,2024-12-27,8,17,3,965.39,286.7,South
2425,2024-06-12,271,13,3,134.39,30.4,East
2426,2024-11-14,306,15,4,4308.14,406.21,North
2427,2023-06-01,357,13,5,277.1,27.29,East
2428,2023-02-15,168,10,4,213.83,26.45,North
2429,2024-02-24,404,9,5,3039.67,742.6,West
2430,2023-11-15,159,4,1,336.46,52.87,West
2431,2024-04-22,402,17,3,1086.92,253.45,West
2432,2024-04-19,306,6,5,4716.92,1329.99,North
2433,2023-03-30,478,5,2,2116.56,444.59,West
2434,2023-06-23,130,17,1,384.7,49.19,North
2435,2024-04-16,123,7,3,3714.22,888.96,West
2436,2023-11-12,233,2,2,108.83,24.09,North
2437,2023-05-16,102,12,2,1515.5,247.71,West
2438,2023-07-02,403,3,3,1238.83,253.1,South
2439,2023-08-20,63,11,4,1545.32,216.37,South
2440,2023-07-01,159,15,2,2335.83,320.14,West
2441,2023-09-28,464,1,4,3572.66,564.96,South
2442,2023-12-24,105,1,3,3268.66,637.62,West
2443,2023-02-07,313,18,2,2104.41,439.29,West
2444,2024-07-04,496,5,2,2371.07,708.06,North
2445,2023-12-22,304,1,4,4212.23,969.0,North
2446,2023-08-01,265,16,3,2472.43,724.59,East
2447,2023-10-03,400,16,5,3810.72,953.25,East
2448,2023-08-12,313,4,3,1069.16,92.93,West
2449,2024-06-13,267,13,1,54.37,6.58,East
2450,2024-04-23,224,15,2,2105.46,340.88,South
2451,2024-11-05,324,7,4,5767.33,504.34,West
2452,2024-10-06,130,9,1,643.56,179.05,North
2453,2024-03-07,116,16,2,1714.03,264.08,West
2454,2023-07-11,225,7,1,1572.32,231.73,West
2455,2024-07-13,73,10,4,207.99,17.63,East
2456,2024-04-12,305,3,5,2262.82,526.76,West
2457,2024-04-29,130,14,4,1409.12,191.03,North
2458,2024-09-07,395,13,3,148.82,34.12,North
2459,2023-02-11,55,1,3,3440.57,939.4,North
2460,2023-04-21,123,9,5,3277.27,820.29,West
2461,2024-02-15,210,13,5,267.0,30.99,East
2462,2023-11-04,54,2,2,110.23,32.23,East
2463,2023-07-23,406,8,5,827.09,169.52,East
2464,2023-05-14,352,7,2,2943.95,746.25,South
2465,2023-04-03,297,8,1,138.53,34.42,North
2466,2024-04-14,389,8,3,426.49,77.34,North
2467,2023-07-25,345,13,2,115.42,16.88,West
2468,2023-07-09,186,2,1,45.89,5.72,West
2469,2023-09-08,482,13,1,46.88,9.48,West
2470,2023-01-06,81,10,3,170.25,26.53,South
2471,2024-07-17,85,9,4,2825.52,660.41,West
2472,2024-11-15,379,7,4,5426.44,987.43,East
2473,2023-04-09,308,10,2,110.57,16.59,West
2474,2024-02-14,469,14,2,693.38,192.46,West
2475,2024-09-03,306,5,4,4509.78,431.88,North
2476,2024-11-16,42,12,4,3424.65,715.8,East
2477,2024-09-15,193,7,2,2554.0,336.45,South
2478,2023-12-15,418,9,3,2012.62,161.71,West
2479,2024-02-12,252,6,5,5979.22,1327.55,West
2480,2024-05-26,455,8,2,266.91,33.76,South
2481,2023-04-06,130,9,4,2559.43,573.03,North
2482,2023-06-04,387,3,4,1654.79,273.2,West
2483,2023-02-05,137,8,4,546.05,158.41,South
2484,2023-06-17,41,7,2,2730.84,529.28,North
2485,2024-04-21,223,1,1,1099.33,171.7,North
2486,2024-11-02,12,4,1,396.96,101.93,East
2487,2023-06-14,196,2,1,47.07,9.72,South
2488,2024-12-03,294,9,4,2647.65,494.98,North
2489,2024-03-08,211,12,4,3452.97,506.38,North
2490,2024-10-11,177,9,3,1791.03,461.31,North
2491,2024-05-29,497,10,4,220.18,40.55,North
2492,2024-07-01,47,5,3,3958.29,413.91,South
2493,2024-03-10,234,8,2,295.69,48.6,North
2494,2023-06-03,132,4,1,309.04,89.19,East
2495,2023-09-22,196,14,5,1469.0,380.21,South
2496,2024-03-21,401,8,4,510.47,72.48,North
2497,2024-05-16,59,17,1,351.35,31.98,South
2498,2024-12-03,255,18,5,4487.95,779.35,South
2499,2023-01-25,284,17,3,1079.17,128.77,West
2500,2024-03-03,82,14,3,831.76,125.94,East
2501,2024-09-02,364,12,1,712.25,171.67,South
2502,2024-02-10,154,12,5,3717.96,366.18,North
2503,2023-05-10,433,15,1,1093.81,239.81,North
2504,2023-10-09,104,6,4,4087.85,738.95,West
2505,2023-09-07,208,7,5,7872.92,2194.87,East
2506,2024-08-05,329,14,5,1588.82,153.86,South
2507,2023-02-09,260,1,3,2726.58,804.08,North
2508,2024-01-27,185,16,1,866.17,207.52,West
2509,2024-10-14,371,17,3,1142.08,197.53,South
2510,2023-07-08,196,1,1,1140.96,155.75,South
2511,2024-03-19,122,5,1,1317.23,335.37,North
2512,2023-09-25,262,9,5,3827.09,824.46,West
2513,2023-09-07,321,4,5,1898.37,172.26,West
2514,2024-04-29,71,13,5,238.92,68.28,North
2515,2024-12-06,13,16,3,2795.06,393.85,South
2516,2024-09-11,306,11,1,342.35,41.04,North
2517,2023-10-07,183,7,3,3622.33,454.86,South
2518,2024-11-03,25,11,4,1261.06,174.97,South
2519,2024-10-12,292,12,5,3797.53,488.71,East
2520,2024-12-27,498,6,1,1015.61,95.49,West
2521,2024-12-30,136,7,3,4350.72,788.97,West
2522,2024-10-12,266,3,4,1811.09,360.63,West
2523,2024-07-25,449,8,4,504.45,78.16,North
2524,2024-03-31,243,5,3,3141.08,841.68,North
2525,2023-08-04,5,11,4,1423.22,167.09,South
2526,2023-09-19,52,16,4,3356.49,756.4,East
2527,2023-03-22,110,16,5,4477.28,911.09,South
2528,2023-03-27,459,1,3,2779.26,824.53,West
2529,2023-11-08,410,12,3,2260.44,337.65,West
2530,2023-01-31,425,14,4,1159.87,242.05,East
2531,2023-12-27,385,14,5,1637.73,280.68,North
2532,2023-10-18,125,14,1,326.77,61.42,South
2533,2024-01-20,60,11,2,789.97,86.09,North
2534,2023-05-07,262,8,5,648.23,82.99,West
2535,2024-08-07,306,11,1,331.34,89.55,North
2536,2024-07-17,185,12,4,3120.76,765.47,West
2537,2024-09-05,492,2,4,185.99,46.41,East
2538,2024-11-11,307,3,1,489.23,142.49,North
2539,2024-05-29,7,8,3,444.03,73.83,West
2540,2024-05-21,248,8,4,629.07,89.95,East
2541,2023-06-10,299,17,4,1593.7,189.77,East
2542,2023-01-04,127,16,3,2613.34,401.13,West
2543,2024-11-02,472,9,4,2431.2,679.77,South
2544,2024-08-17,287,16,4,3603.25,1060.56,North
2545,2023-07-13,103,3,4,1831.84,395.96,East
2546,2024-09-16,157,12,2,1657.16,496.75,West
2547,2024-08-07,369,18,5,4971.28,1431.77,North
2548,2024-09-16,117,17,3,989.98,203.19,West
2549,2024-12-01,282,6,4,3776.96,609.85,West
2550,2024-10-31,392,10,5,276.57,53.24,East
2551,2023-06-15,95,4,2,710.74,169.92,East
2552,2023-06-29,416,4,2,713.7,169.01,South
2553,2023-11-27,433,15,2,1838.86,173.33,North
2554,2023-07-31,500,17,1,363.26,65.76,West
2555,2024-03-30,365,18,5,5314.36,1356.68,South
2556,2024-05-27,344,18,4,3880.3,996.5,East
2557,2023-06-13,284,18,3,2593.32,619.41,West
2558,2023-01-08,163,11,1,377.6,86.87,West
2559,2024-06-16,264,10,4,260.83,70.34,East
2560,2024-03-03,259,2,1,56.12,15.4,South
2561,2023-05-04,36,8,5,777.75,166.08,East
2562,2023-01-25,445,2,5,243.81,63.9,West
2563,2023-10-27,449,2,1,54.05,14.17,North
2564,2024-01-08,459,16,1,838.26,238.09,West
2565,2024-03-14,208,13,4,225.15,23.14,East
2566,2024-08-16,91,12,3,2577.51,269.59,West
2567,2024-01-11,180,7,2,2742.63,424.46,North
2568,2024-05-09,246,18,2,1710.35,173.37,East
2569,2024-04-14,393,7,1,1566.72,294.77,South
2570,2023-09-24,251,1,2,1930.76,447.21,West
2571,2024-04-06,198,17,3,1126.94,231.03,North
2572,2023-02-06,121,16,5,4637.49,522.02,East
2573,2023-01-27,226,13,3,143.61,23.21,North
2574,2023-10-26,336,18,3,2642.71,627.6,North
2575,2024-10-11,490,9,5,3165.91,749.93,South
2576,2023-06-08,31,13,3,166.92,38.88,East
2577,2024-09-14,239,2,2,93.38,15.36,West
2578,2023-01-29,236,4,2,791.55,164.89,East
2579,2024-08-21,451,3,2,758.66,121.47,East
2580,2024-06-13,215,2,5,241.49,52.18,South
2581,2023-12-19,242,9,2,1396.31,292.07,North
2582,2023-11-18,403,16,5,4344.06,708.76,South
2583,2024-10-25,453,18,4,3377.05,660.39,North
2584,2024-05-10,329,8,2,326.28,27.12,South
2585,2023-12-17,263,10,1,52.63,6.6,East
2586,2023-10-12,93,12,2,1651.99,397.02,North
2587,2024-10-27,162,1,1,923.36,175.19,North
2588,2024-10-15,237,18,5,5203.25,1377.79,East
2589,2023-08-22,87,18,5,4983.57,797.29,West
2590,2024-02-13,453,8,1,151.81,43.94,North
2591,2023-03-10,495,12,5,3744.1,1091.65,North
2592,2023-03-23,402,11,5,1999.73,184.6,West
2593,2024-06-19,445,8,5,679.83,92.69,West
2594,2024-12-07,31,12,2,1802.01,484.12,East
2595,2024-12-07,337,9,2,1424.49,169.56,East
2596,2023-09-30,388,5,5,5899.87,590.57,East
2597,2023-03-07,106,7,2,3139.01,342.66,South
2598,2023-03-04,456,17,3,977.12,130.61,East
2599,2024-05-03,249,2,5,245.63,48.67,West
2600,2023-11-23,284,6,1,1157.79,111.23,West
2601,2023-04-30,280,18,4,3667.73,677.53,West
2602,2024-07-09,435,4,1,368.89,78.07,North
2603,2024-08-05,446,12,3,2066.64,360.72,East
2604,2024-03-29,79,15,1,1108.66,136.21,West
2605,2024-04-12,311,9,5,3824.52,517.78,West
2606,2024-09-07,194,18,4,3485.34,762.76,West
2607,2024-06-03,75,10,3,170.54,24.29,North
2608,2023-09-28,310,3,3,1461.09,196.93,North
2609,2024-11-25,34,2,3,151.51,22.41,North
2610,2023-04-25,64,5,4,5284.97,1522.35,South
2611,2023-01-07,275,7,4,5334.7,1570.31,East
2612,2024-05-22,187,18,4,3370.67,318.27,West
2613,2024-11-20,331,1,4,3817.85,1082.61,West
2614,2023-12-17,308,3,4,1832.58,363.75,West
2615,2023-07-18,148,18,2,2013.36,498.97,West
2616,2023-11-11,381,1,2,2022.8,304.24,East
2617,2024-04-28,73,2,5,220.01,32.12,East
2618,2023-08-04,106,5,5,5931.48,676.26,South
2619,2023-07-16,17,10,2,122.94,31.09,West
2620,2024-09-16,265,2,2,103.88,15.75,East
2621,2024-04-30,132,18,5,4866.5,1233.78,East
2622,2023-08-23,198,4,3,1212.58,222.92,North
2623,2024-01-15,343,15,3,2769.15,424.84,East
2624,2023-11-19,398,14,3,950.89,165.04,West
2625,2024-03-03,375,12,4,2751.92,789.24,East
2626,2024-02-23,101,5,1,1114.08,286.52,West
2627,2023-10-08,310,3,4,1521.06,357.38,North
2628,2024-11-08,436,6,2,2270.77,328.93,West
2629,2023-01-25,235,17,3,1011.88,257.02,North
2630,2024-07-25,357,5,3,3547.89,439.51,East
2631,2024-09-24,309,15,2,2056.22,551.91,East
2632,2023-03-18,491,5,1,1077.38,163.34,East
2633,2024-08-30,296,4,4,1426.45,418.88,North
2634,2024-11-06,175,10,1,55.33,16.11,North
2635,2023-09-13,342,8,4,549.25,117.25,South
2636,2023-03-02,327,9,4,2376.92,524.63,North
2637,2024-07-04,214,10,3,164.97,46.72,East
2638,2024-04-28,173,5,1,1041.22,255.06,West
2639,2024-02-28,69,3,3,1444.87,393.39,West
2640,2023-11-03,459,12,5,4090.44,832.83,West
2641,2023-09-09,415,12,4,3046.89,610.14,West
2642,2024-07-24,380,15,3,3109.06,448.05,West
2643,2023-05-24,300,1,1,1089.48,103.46,North
2644,2024-01-05,198,17,3,1189.55,211.84,North
2645,2023-07-08,210,13,2,98.72,12.84,East
2646,2023-12-08,144,4,3,986.32,289.7,East
2647,2023-09-19,348,7,3,4343.85,1238.82,East
2648,2023-05-03,405,12,2,1667.37,290.14,South
2649,2023-02-19,474,13,4,227.79,21.24,East
2650,2024-01-18,239,7,5,6059.62,1067.62,West
2651,2024-05-31,107,11,1,390.14,59.28,South
2652,2024-05-18,366,1,5,4740.55,727.32,West
2653,2023-03-19,437,2,1,50.56,14.88,South
2654,2024-06-28,256,1,1,912.17,176.02,West
2655,2024-08-10,491,5,1,1303.06,279.12,East
2656,2023-03-16,126,15,2,2211.29,386.55,East
2657,2024-04-21,379,3,3,1303.93,356.91,East
2658,2024-10-28,499,14,2,612.01,73.42,East
2659,2023-12-14,444,17,5,1753.59,441.63,East
2660,2023-01-22,119,13,4,202.21,29.25,West
2661,2024-02-04,468,6,5,4611.08,597.37,East
2662,2023-06-04,319,17,4,1323.59,170.79,North
2663,2024-06-29,181,16,3,2557.92,579.08,North
2664,2023-12-30,349,13,5,289.31,68.65,West
2665,2023-06-06,209,15,5,4679.62,527.03,West
2666,2023-07-05,449,2,3,131.92,26.03,North
2667,2023-05-11,233,1,1,1022.46,296.54,North
2668,2023-11-19,113,9,3,2258.06,507.6,North
2669,2023-11-07,473,12,2,1448.12,431.57,East
2670,2023-08-11,155,8,2,315.84,27.16,East
2671,2023-05-07,86,16,4,3781.83,614.64,North
2672,2023-08-02,372,14,4,1242.38,221.51,South
2673,2023-07-23,129,11,4,1291.63,211.45,South
2674,2023-04-06,143,6,1,1212.54,232.17,West
2675,2024-06-12,351,4,5,1604.15,395.35,South
2676,2024-05-15,351,16,1,922.4,146.52,South
2677,2024-03-01,461,5,3,3180.15,943.66,East
2678,2024-01-04,407,11,5,1751.7,336.19,South
2679,2023-01-17,275,11,4,1211.7,311.1,East
2680,2023-04-13,87,17,4,1362.51,392.49,West
2681,2024-03-20,288,11,1,397.48,88.81,West
2682,2024-12-19,463,4,2,634.0,140.49,East
2683,2024-04-27,297,5,4,4007.49,1170.71,North
2684,2023-02-16,336,16,3,2323.4,313.15,North
2685,2023-01-10,344,16,5,3856.57,440.68,East
2686,2023-02-09,478,11,4,1233.42,316.4,West
2687,2024-01-16,59,8,3,454.31,118.63,South
2688,2023-06-26,426,17,4,1289.39,250.26,West
2689,2024-11-15,257,16,2,1569.1,428.99,South
2690,2023-06-16,106,7,1,1217.46,152.06,South
2691,2024-10-02,369,17,4,1370.03,363.21,North
2692,2023-11-25,29,5,5,5030.33,431.01,North
2693,2024-04-26,38,3,1,382.12,103.88,West
2694,2023-02-17,25,10,4,231.06,57.25,South
2695,2023-06-23,243,15,5,4634.6,386.0,North
2696,2023-04-05,341,6,2,2089.44,197.64,North
2697,2024-04-20,28,6,4,4867.42,1306.18,North
2698,2024-03-26,378,5,5,5206.28,1107.48,East
2699,2023-11-15,364,6,1,1061.94,295.11,South
2700,2023-05-12,65,9,3,1909.97,379.7,North
2701,2024-11-15,301,4,5,1909.7,353.51,West
2702,2023-07-20,45,10,5,255.07,49.29,South
2703,2023-08-19,289,14,2,672.42,163.73,West
2704,2023-10-17,344,15,4,4563.23,470.7,East
2705,2023-09-14,454,7,2,2559.2,575.98,North
2706,2024-12-28,192,3,3,1501.4,340.88,South
2707,2024-06-13,22,3,5,2252.49,618.06,East
2708,2023-12-02,300,7,2,2749.97,620.02,North
2709,2023-02-05,486,17,5,1902.79,487.02,East
2710,2023-07-22,472,12,1,910.89,75.74,South
2711,2023-09-01,24,4,1,324.96,49.06,North
2712,2024-05-07,269,14,5,1600.5,249.13,North
2713,2024-02-20,128,14,5,1585.91,201.83,North
2714,2023-09-27,283,3,5,2232.79,236.5,East
2715,2024-11-02,487,6,3,3453.66,978.27,East
2716,2023-07-10,420,4,3,1003.68,258.49,South
2717,2024-07-16,59,17,4,1403.79,142.11,South
2718,2024-06-15,144,13,3,145.48,36.67,East
2719,2024-10-19,247,5,4,4020.19,802.15,North
2720,2023-08-21,434,12,1,909.87,238.95,North
2721,2024-07-17,337,5,1,1233.36,132.94,East
2722,2023-11-11,93,9,3,1984.51,400.33,North
2723,2024-05-31,367,12,1,728.48,189.7,East
2724,2023-07-19,445,3,5,1978.29,454.47,West
2725,2023-07-23,291,11,1,376.07,59.37,East
2726,2023-06-05,265,5,5,5917.98,1164.21,East
2727,2024-06-29,205,13,1,49.98,6.53,North
2728,2023-06-20,21,15,5,4952.02,505.26,South
2729,2024-10-12,317,11,2,732.18,158.15,East
2730,2024-07-07,313,15,2,2314.06,495.5,West
2731,2023-10-13,108,3,2,767.94,225.17,South
2732,2023-10-31,218,14,4,1245.82,242.67,North
2733,2024-05-02,15,13,4,206.17,22.67,West
2734,2023-01-01,279,3,3,1161.72,273.97,North
2735,2023-08-02,299,6,3,3595.29,772.58,East
2736,2023-03-02,463,9,1,719.48,79.77,East
2737,2023-06-14,220,5,4,5002.42,1288.31,West
2738,2024-02-05,121,11,2,762.8,169.45,East
2739,2024-08-28,235,4,4,1312.78,345.99,North
2740,2023-08-20,224,13,1,58.9,8.29,South
2741,2023-05-07,478,16,4,3675.13,767.75,West
2742,2023-07-30,144,2,2,97.66,22.26,East
2743,2023-01-12,361,2,3,154.72,30.1,East
2744,2023-04-16,343,2,5,267.43,56.6,East
2745,2024-11-07,468,11,2,692.68,180.72,East
2746,2024-09-16,22,17,5,1753.75,167.46,East
2747,2023-10-06,475,6,3,3619.52,322.19,South
2748,2023-04-26,78,9,3,2084.72,362.12,South
2749,2024-12-27,415,13,2,109.72,27.95,West
2750,2023-08-19,186,16,3,2606.07,259.27,West
2751,2024-09-05,113,1,5,5581.67,742.83,North
2752,2024-12-19,344,18,4,4223.28,729.65,East
2753,2023-10-14,322,12,1,879.49,212.08,South
2754,2024-10-17,10,10,3,171.74,29.59,South
2755,2024-01-01,261,9,3,1772.14,181.2,West
2756,2023-09-06,206,8,4,600.43,77.28,West
2757,2024-11-12,129,15,4,3833.98,1147.92,South
2758,2024-07-28,414,7,4,5796.66,1185.05,West
2759,2024-06-15,9,6,5,5911.72,1341.15,South
2760,2024-09-08,412,6,1,949.38,251.02,North
2761,2024-08-12,246,12,1,708.41,207.34,East
2762,2024-01-05,131,6,2,2187.34,516.32,South
2763,2024-03-07,67,15,5,5598.91,1332.67,West
2764,2023-12-22,240,11,1,367.37,64.97,South
2765,2024-08-10,20,13,4,229.67,20.26,South
2766,2024-10-05,194,1,4,4325.89,757.01,West
2767,2023-08-10,395,11,1,359.3,30.65,North
2768,2023-04-12,247,1,3,2852.68,486.87,North
2769,2024-04-12,182,2,1,54.59,7.41,East
2770,2023-12-27,48,7,3,4789.81,645.26,East
2771,2023-02-18,495,13,4,197.64,46.21,North
2772,2023-06-14,155,2,3,136.54,34.08,East
2773,2024-10-25,56,12,5,3801.79,639.81,East
2774,2023-06-26,223,16,3,2844.19,763.56,North
2775,2023-12-27,102,2,3,153.85,37.35,West
2776,2023-11-21,132,18,2,2039.95,208.66,East
2777,2024-10-16,183,15,1,999.68,216.73,South
2778,2024-01-27,430,4,2,658.2,176.6,South
2779,2023-12-26,162,12,4,3055.28,538.67,North
2780,2023-06-13,489,9,3,2275.79,343.66,West
2781,2023-07-14,75,1,1,1034.53,289.61,North
2782,2023-10-31,59,8,5,786.33,156.02,South
2783,2024-09-25,62,17,4,1500.99,185.67,East
2784,2024-12-29,484,14,1,330.59,90.23,East
2785,2023-09-27,248,3,4,1584.67,245.36,East
2786,2024-02-11,438,9,3,1800.85,296.7,South
2787,2024-09-20,423,1,3,3093.41,303.42,West
2788,2024-03-29,165,1,2,2210.17,296.38,West
2789,2024-11-14,129,8,2,334.28,28.68,South
2790,2024-12-12,318,13,2,118.4,15.86,South
2791,2024-03-26,251,12,2,1669.96,212.94,West
2792,2023-10-31,359,4,1,333.37,28.19,East
2793,2024-05-09,52,12,5,4392.4,751.96,East
2794,2024-08-04,266,5,5,5302.34,641.23,West
2795,2024-08-17,224,1,5,4909.47,1014.3,South
2796,2023-09-25,87,15,4,4351.7,1288.2,West
2797,2024-03-17,288,9,3,1937.19,538.56,West
2798,2023-11-24,469,3,2,891.73,86.45,West
2799,2023-11-26,76,5,2,2564.56,761.61,East
2800,2024-07-05,107,11,2,721.02,73.01,South
2801,2024-12-26,87,5,5,5773.24,860.02,West
2802,2023-08-22,453,2,5,263.77,62.74,North
2803,2023-08-18,352,3,5,2182.04,450.24,South
2804,2024-04-16,439,13,1,53.78,10.18,East
2805,2023-03-08,37,6,4,4830.51,568.53,West
2806,2024-04-04,466,5,5,5911.53,547.76,West
2807,2024-05-03,182,12,3,2655.8,298.87,East
2808,2023-03-08,344,17,3,1204.67,169.55,East
2809,2023-01-29,26,7,3,4476.44,841.47,West
2810,2024-02-10,443,9,2,1232.05,221.11,South
2811,2024-12-14,44,1,5,5306.68,810.42,North
2812,2024-06-04,474,6,5,6027.61,673.47,East
2813,2024-11-28,25,4,5,1843.19,497.3,South
2814,2023-02-24,250,14,5,1705.36,270.87,South
2815,2023-03-14,458,4,1,371.41,73.0,East
2816,2023-07-19,152,4,2,667.78,141.79,East
2817,2023-07-05,449,3,2,763.05,216.97,North
2818,2023-12-06,411,17,1,313.66,90.38,North
2819,2024-12-18,323,10,5,322.24,53.25,South
2820,2024-01-26,417,12,4,3384.35,373.88,South
2821,2023-07-07,230,13,3,138.03,21.83,North
2822,2023-09-16,305,11,4,1410.11,170.07,West
2823,2023-07-25,243,14,4,1185.87,352.01,North
2824,2023-12-14,143,11,1,347.7,35.01,West
2825,2023-01-21,86,5,3,3866.13,361.09,North
2826,2023-03-02,92,6,5,5625.05,568.17,East
2827,2024-06-25,329,15,1,884.19,134.32,South
2828,2023-01-29,106,11,3,1148.34,235.38,South
2829,2023-03-13,387,11,3,1195.39,145.2,West
2830,2024-05-25,456,9,5,3048.12,390.29,East
2831,2023-04-10,7,16,3,2864.44,804.26,West
2832,2024-01-19,200,8,5,748.07,206.55,East
2833,2024-06-03,91,12,2,1441.51,375.05,West
2834,2024-09-29,38,7,1,1220.99,242.09,West
2835,2023-11-16,2,4,1,404.42,41.94,North
2836,2024-08-27,482,2,2,99.79,27.75,West
2837,2023-07-17,181,16,4,3554.32,1064.22,North
2838,2024-04-10,218,8,3,493.38,98.95,North
2839,2024-04-03,149,14,4,1449.52,329.21,East
2840,2023-12-13,82,13,1,48.25,5.36,East
2841,2023-07-12,456,5,4,5041.57,449.46,East
2842,2024-05-06,240,15,1,1118.5,313.32,South
2843,2023-04-12,118,10,5,313.98,31.4,South
2844,2024-06-23,413,6,3,3265.32,765.67,North
2845,2024-02-08,58,16,5,4632.06,1026.02,North
2846,2023-11-25,330,8,3,393.77,97.65,West
2847,2024-10-03,248,12,3,2352.79,413.46,East
2848,2024-05-17,430,15,1,887.49,91.37,South
2849,2024-05-10,309,7,5,7251.9,1068.19,East
2850,2024-12-01,432,3,3,1397.49,273.99,West
2851,2023-07-12,162,1,1,1139.93,168.22,North
2852,2024-08-07,396,8,5,741.54,163.88,South
2853,2024-07-01,251,18,1,806.66,236.1,West
2854,2023-07-12,10,16,4,3306.02,655.61,South
2855,2024-06-04,143,17,4,1431.27,170.64,West
2856,2024-11-28,352,9,3,2126.27,596.09,South
2857,2024-04-13,103,2,1,56.01,15.48,East
2858,2023-03-16,445,16,3,2747.51,519.17,West
2859,2024-10-17,172,15,5,5302.08,476.93,East
2860,2023-07-30,406,1,4,4506.04,475.81,East
2861,2023-01-05,254,11,3,1179.88,265.6,West
2862,2023-07-01,368,4,3,1229.31,321.89,North
2863,2024-02-16,117,10,3,149.07,16.57,West
2864,2024-09-28,432,4,2,754.06,206.63,West
2865,2024-11-27,122,12,4,3269.1,882.73,North
2866,2023-07-29,493,12,3,2705.71,605.36,West
2867,2024-02-24,15,10,3,180.68,30.99,West
2868,2024-01-22,261,2,4,185.95,51.74,West
2869,2023-09-17,440,17,4,1462.2,318.52,East
2870,2023-02-12,32,15,4,4339.09,775.86,West
2871,2023-03-14,328,3,2,916.22,96.53,East
2872,2023-03-10,65,9,4,2439.7,370.89,North
2873,2024-11-28,26,18,3,2969.08,691.51,West
2874,2024-07-03,241,5,3,3275.28,878.47,South
2875,2023-04-22,177,13,3,167.69,27.98,North
2876,2023-03-30,70,1,2,2053.4,389.23,East
2877,2024-06-14,146,4,2,821.28,150.43,South
2878,2023-04-25,321,9,1,618.6,162.87,West
2879,2023-03-27,159,16,2,1855.6,477.65,West
2880,2024-03-22,96,18,2,1926.26,339.76,West
2881,2024-03-28,73,10,2,117.41,10.45,East
2882,2023-07-13,357,17,5,1913.25,458.19,East
2883,2024-08-05,170,7,1,1211.13,137.58,East
2884,2023-06-29,181,6,3,3070.22,381.15,North
2885,2024-02-05,381,13,1,50.23,14.48,East
2886,2023-03-07,334,16,5,3976.52,866.83,West
2887,2024-11-04,333,12,3,2555.27,218.65,West
2888,2023-03-13,88,1,4,4440.31,942.97,West
2889,2024-07-24,168,7,3,3810.43,763.48,North
2890,2023-02-28,264,5,3,3100.81,292.5,East
2891,2024-07-01,342,5,5,5012.03,1195.4,South
2892,2024-01-15,144,5,3,3028.12,842.83,East
2893,2023-01-07,315,9,2,1295.67,264.05,West
2894,2024-08-03,59,15,4,3662.45,473.9,South
2895,2024-07-31,154,12,1,811.56,68.46,North
2896,2024-08-08,152,2,4,206.75,29.39,East
2897,2024-02-01,257,13,5,256.35,62.7,South
2898,2024-09-19,131,4,4,1336.08,394.98,South
2899,2024-05-05,477,1,4,4528.11,514.8,North
2900,2024-01-04,374,2,5,228.59,32.71,West
2901,2024-02-02,152,17,2,812.13,222.54,East
2902,2023-01-22,55,9,3,1972.54,287.93,North
2903,2024-04-15,494,14,1,313.35,85.72,West
2904,2024-02-16,106,16,2,1541.19,335.72,South
2905,2024-02-20,484,15,2,2008.2,345.21,East
2906,2024-03-30,61,16,4,3898.43,709.41,East
2907,2023-11-30,409,6,3,3359.14,367.1,West
2908,2023-07-30,194,9,5,3109.64,736.27,West
2909,2023-07-19,487,7,5,7931.64,1907.14,East
2910,2024-01-08,298,3,5,2455.99,492.68,South
2911,2024-01-19,245,6,4,4452.73,565.38,East
2912,2024-04-26,46,3,2,782.99,174.99,North
2913,2024-09-30,341,5,3,3400.54,421.23,North
2914,2024-07-18,190,14,3,1072.23,241.38,East
2915,2024-03-18,112,9,5,3046.71,540.66,South
2916,2024-01-31,185,2,2,101.18,11.93,West
2917,2023-06-09,69,14,5,1672.8,345.46,West
2918,2023-06-04,213,16,2,1682.37,308.02,North
2919,2024-05-13,460,11,2,668.09,190.58,North
2920,2024-06-27,34,8,5,781.84,213.21,North
2921,2023-03-08,372,2,1,43.76,3.58,South
2922,2023-12-06,500,14,1,353.98,52.72,West
2923,2023-07-27,496,1,3,3243.72,943.11,North
2924,2023-03-09,204,2,3,143.07,40.06,North
2925,2024-04-02,144,8,5,727.37,170.78,East
2926,2023-11-07,123,6,3,2842.38,578.75,West
2927,2023-06-17,449,4,2,701.98,138.37,North
2928,2024-02-24,316,17,5,1603.43,323.11,West
2929,2024-12-17,18,5,4,5293.04,1226.88,North
2930,2023-04-27,278,2,2,103.91,11.67,South
2931,2023-04-10,408,12,4,3438.6,377.67,North
2932,2024-04-29,483,15,4,3967.37,466.17,West
2933,2024-08-23,194,4,1,379.04,98.53,West
2934,2024-08-21,261,3,4,1799.34,321.03,West
2935,2024-05-18,86,4,1,405.61,83.03,North
2936,2023-03-29,250,9,3,2233.93,212.57,South
2937,2024-10-01,472,5,2,2192.6,365.28,South
2938,2023-04-24,360,11,2,804.42,204.33,East
2939,2024-10-11,138,12,2,1520.18,359.54,South
2940,2023-12-30,494,14,1,331.03,84.69,West
2941,2024-09-28,363,9,1,745.52,128.16,North
2942,2024-01-09,249,2,2,109.23,13.35,West
2943,2024-06-16,468,6,3,3578.09,304.7,East
2944,2023-06-20,355,10,3,149.43,19.8,North
2945,2023-09-27,109,10,3,168.86,29.59,West
2946,2023-10-07,3,18,1,999.01,246.9,East
2947,2024-11-06,357,4,4,1266.28,254.88,East
2948,2024-10-01,113,18,2,1604.11,330.77,North
2949,2024-01-25,49,4,3,986.52,180.95,East
2950,2023-02-06,264,9,4,2832.04,394.96,East
2951,2023-12-10,188,11,4,1356.56,261.5,East
2952,2024-02-21,236,2,4,210.29,22.95,East
2953,2023-09-25,178,3,3,1342.13,251.71,West
2954,2023-03-27,264,4,3,1206.57,340.41,East
2955,2024-11-13,491,10,1,63.87,17.21,East
2956,2023-01-24,145,11,1,383.86,98.79,East
2957,2023-09-06,78,7,1,1235.32,200.3,South
2958,2024-08-08,244,15,2,2231.45,560.88,West
2959,2023-01-10,178,3,1,468.88,113.48,West
2960,2024-09-24,42,8,3,385.6,80.28,East
2961,2024-10-08,270,5,4,5147.01,1301.93,East
2962,2024-09-19,419,2,1,44.27,10.4,South
2963,2023-03-25,342,9,2,1220.7,290.55,South
2964,2023-01-04,48,4,1,352.82,81.44,East
2965,2023-02-21,401,6,2,2270.96,374.98,North
2966,2023-07-17,493,16,5,4285.75,528.89,West
2967,2024-09-11,249,11,4,1493.35,273.62,West
2968,2023-03-04,417,12,5,3939.86,755.15,South
2969,2023-06-30,62,6,1,1214.05,167.44,East
2970,2024-08-12,153,12,5,4546.66,1063.89,East
2971,2023-07-12,277,15,1,935.4,140.97,South
2972,2023-06-16,126,2,2,96.28,25.41,East
2973,2024-09-07,249,16,3,2524.28,557.69,West
2974,2024-03-12,399,10,2,106.11,16.54,West
2975,2024-06-27,74,4,2,618.08,170.54,West
2976,2023-10-16,261,7,3,4525.49,426.41,West
2977,2024-05-20,132,16,1,824.65,198.94,East
2978,2024-03-16,367,5,5,5115.83,1269.62,East
2979,2023-01-13,236,4,4,1635.0,373.42,East
2980,2024-08-25,74,13,3,168.15,47.28,West
2981,2024-11-25,93,10,5,323.08,66.3,North
2982,2024-04-06,347,6,3,3077.55,795.28,West
2983,2024-05-26,477,8,3,414.46,77.75,North
2984,2023-07-14,106,14,5,1483.01,174.29,South
2985,2024-02-24,78,13,3,154.49,28.05,South
2986,2024-04-19,323,15,4,4541.82,827.37,South
2987,2023-05-26,74,10,2,122.0,20.11,West
2988,2023-05-23,5,1,1,1094.15,179.35,South
2989,2024-02-14,185,11,2,678.06,119.04,West
2990,2023-06-04,14,6,2,2195.17,264.43,West
2991,2023-01-17,497,5,1,1126.59,127.28,North
2992,2023-07-22,162,7,3,3642.38,605.7,North
2993,2024-07-16,105,18,3,2619.54,319.03,West
2994,2024-05-26,335,3,5,2161.62,623.44,South
2995,2024-05-14,350,9,2,1520.94,141.67,East
2996,2023-03-10,313,4,1,406.26,95.6,West
2997,2023-10-24,422,1,5,4536.69,880.7,West
2998,2023-08-10,10,11,4,1376.53,114.05,South
2999,2024-10-08,107,12,3,2168.96,474.35,South
3000,2024-03-15,160,17,5,1833.59,388.36,West
3001,2023-10-16,45,16,5,4119.37,667.91,South
3002,2024-01-14,291,18,2,1899.63,349.86,East
3003,2024-04-02,251,10,1,55.0,7.38,West
3004,2024-12-05,338,10,3,158.31,43.03,North
3005,2024-10-11,121,18,3,3129.49,919.93,East
3006,2024-07-22,208,3,3,1262.17,321.4,East
3007,2023-05-11,497,2,2,112.47,28.34,North
3008,2023-08-23,363,10,5,302.58,64.77,North
3009,2024-05-15,310,10,2,116.31,32.09,North
3010,2024-06-07,326,9,3,2230.62,366.96,South
3011,2024-09-30,374,7,2,2669.32,524.34,West
3012,2024-09-09,175,17,4,1584.17,456.83,North
3013,2023-03-10,323,10,3,168.89,42.4,South
3014,2024-12-29,391,1,3,2723.4,725.81,North
3015,2024-04-30,122,13,1,48.25,10.58,North
3016,2023-12-31,16,11,3,1155.84,215.17,South
3017,2023-10-07,450,2,2,112.22,20.94,North
3018,2024-09-11,435,14,3,1070.38,132.74,North
3019,2024-09-03,413,4,2,741.02,107.47,North
3020,2023-07-19,134,1,1,1017.68,194.28,West
3021,2024-01-21,324,6,2,2091.34,543.93,West
3022,2023-11-02,52,3,1,410.68,45.87,East
3023,2023-01-30,47,11,1,367.83,91.12,South
3024,2024-01-13,482,14,1,318.36,89.19,West
3025,2024-04-02,376,11,2,730.48,147.67,South
3026,2024-03-30,101,6,5,5740.75,595.34,West
3027,2024-04-11,148,9,3,1883.0,443.23,West
3028,2023-10-19,483,1,4,3654.1,395.66,West
3029,2023-05-07,72,7,1,1226.48,186.23,North
3030,2024-01-13,401,2,4,178.21,46.87,North
3031,2024-07-17,7,16,4,2984.17,523.83,West
3032,2024-02-10,98,9,3,1826.69,392.52,West
3033,2024-10-21,203,11,1,330.69,67.6,West
3034,2023-02-10,94,18,5,5172.56,477.37,South
3035,2024-05-23,160,11,2,617.25,58.6,West
3036,2023-04-15,254,14,2,647.35,185.68,West
3037,2023-04-05,474,5,2,2494.61,733.19,East
3038,2023-03-25,13,1,3,2956.97,725.01,South
3039,2024-02-15,93,8,4,593.62,116.01,North
3040,2024-12-12,55,6,4,3855.19,1006.31,North
3041,2024-04-04,334,14,2,580.52,143.86,West
3042,2023-08-21,407,1,3,2806.74,622.67,South
3043,2023-01-25,242,14,5,1402.33,372.23,North
3044,2024-05-05,296,16,2,1500.44,192.33,North
3045,2023-06-06,402,17,2,803.05,88.57,West
3046,2023-11-27,460,10,3,165.85,36.41,North
3047,2023-01-20,88,6,4,4289.3,616.46,West
3048,2024-11-16,487,16,1,916.01,156.9,East
3049,2023-02-11,492,7,1,1285.83,113.05,East
3050,2024-08-19,305,7,2,2805.78,440.13,West
3051,2024-08-18,307,10,1,63.35,12.16,North
3052,2024-02-11,454,18,2,1711.79,338.88,North
3053,2023-10-16,252,11,5,1644.76,267.02,West
3054,2023-06-13,336,11,4,1545.14,379.98,North
3055,2023-12-09,20,10,3,156.47,43.43,South
3056,2023-05-03,52,13,4,217.01,38.92,East
3057,2024-09-09,79,14,4,1458.24,332.2,West
3058,2023-07-29,198,15,4,3738.98,333.39,North
3059,2023-07-30,226,9,1,613.14,125.97,North
3060,2024-12-07,325,4,3,1132.84,311.6,South
3061,2024-01-05,480,11,3,1046.73,232.92,East
3062,2024-08-03,146,8,2,325.7,86.5,South
3063,2024-06-07,360,12,2,1384.27,114.51,East
3064,2023-12-08,134,8,2,268.45,77.39,West
3065,2023-12-02,423,3,4,1741.9,289.1,West
3066,2024-05-18,392,8,2,291.37,61.56,East
3067,2023-03-21,342,1,2,2089.0,573.58,South
3068,2024-09-26,393,2,1,43.25,3.57,South
3069,2023-01-01,74,13,3,147.29,24.14,West
3070,2023-06-13,74,7,5,6222.42,1001.63,West
3071,2024-03-09,146,6,2,2286.15,370.4,South
3072,2024-03-03,20,17,3,1112.95,161.87,South
3073,2023-05-03,293,13,1,49.08,6.76,West
3074,2023-05-04,368,10,2,127.93,31.18,North
3075,2024-05-02,278,3,1,399.8,41.89,South
3076,2024-04-11,274,13,2,115.03,23.87,East
3077,2023-10-07,341,10,5,266.84,62.61,North
3078,2023-03-06,323,10,4,243.59,27.7,South
3079,2024-02-12,451,4,1,378.0,32.73,East
3080,2024-03-18,426,17,4,1555.75,265.62,West
3081,2024-08-13,314,5,1,1294.73,290.61,North
3082,2024-12-27,432,12,3,2253.39,417.82,West
3083,2023-01-25,227,1,3,3181.04,928.55,West
3084,2023-08-29,50,17,2,749.28,193.52,East
3085,2024-07-30,402,18,1,1021.76,179.6,West
3086,2023-08-26,495,2,4,210.76,51.29,North
3087,2024-01-08,82,11,3,933.3,150.08,East
3088,2024-07-11,366,5,4,4204.21,945.49,West
3089,2024-07-18,220,18,3,2829.81,426.05,West
3090,2024-02-21,320,5,3,3163.19,532.65,East
3091,2023-12-22,258,12,4,3449.26,387.97,East
3092,2024-11-22,255,17,4,1438.7,229.15,South
3093,2023-03-30,38,16,4,3552.99,975.83,West
3094,2024-01-03,347,1,3,3158.7,565.94,West
3095,2024-11-27,372,3,5,1992.5,178.14,South
3096,2024-10-02,210,2,5,223.0,34.6,East
3097,2024-08-10,119,5,2,2085.91,541.45,West
3098,2024-12-10,49,10,2,110.86,28.95,East
3099,2024-05-28,454,13,1,52.67,10.23,North
3100,2023-01-05,84,14,5,1495.23,300.69,West
3101,2023-08-21,345,5,2,2447.67,619.99,West
3102,2023-04-30,158,2,4,188.63,49.8,North
3103,2024-07-15,141,2,3,167.49,32.68,South
3104,2023-08-13,351,10,4,233.51,57.2,South
3105,2023-08-20,70,3,1,458.47,82.43,East
3106,2023-01-01,93,6,2,2378.61,697.51,North
3107,2024-05-22,168,10,1,51.32,4.92,North
3108,2023-09-05,263,15,3,3306.97,484.9,East
3109,2024-07-08,491,16,2,1794.3,519.16,East
3110,2023-01-25,388,5,2,2003.99,290.72,East
3111,2023-07-10,312,2,2,108.56,24.94,East
3112,2023-09-17,181,14,1,317.23,33.68,North
3113,2024-11-08,51,16,3,2517.42,587.87,North
3114,2023-12-18,352,1,3,2935.4,369.45,South
3115,2024-09-26,350,16,4,3540.7,655.94,East
3116,2024-08-30,392,1,5,4392.85,826.27,East
3117,2024-05-26,174,1,1,958.79,83.25,North
3118,2024-01-28,313,9,4,2876.21,717.19,West
3119,2024-12-06,161,10,4,234.17,64.1,South
3120,2023-01-28,250,12,4,3094.62,903.04,South
3121,2024-05-01,304,12,1,744.4,74.63,North
3122,2024-10-08,97,10,2,128.02,23.05,West
3123,2023-09-05,226,13,3,160.67,29.44,North
3124,2023-11-14,209,12,3,2439.52,573.02,West
3125,2023-08-10,330,12,4,3308.63,333.81,West
3126,2024-08-30,474,9,2,1480.18,372.69,East
3127,2024-03-31,140,10,5,250.44,30.02,East
3128,2024-12-14,423,14,3,982.68,251.85,West
3129,2024-10-31,205,15,5,5465.44,741.69,North
3130,2024-12-15,418,12,1,804.96,95.2,West
3131,2023-10-28,276,15,4,4524.06,401.55,West
3132,2023-12-06,69,11,5,1725.89,398.85,West
3133,2023-07-23,119,12,1,797.04,107.43,West
3134,2024-10-31,488,10,4,254.95,63.72,West
3135,2023-11-06,304,18,1,847.87,131.26,North
3136,2024-05-20,450,6,5,4931.63,876.98,North
3137,2023-04-14,323,15,1,928.76,101.27,South
3138,2024-07-30,42,6,5,4618.43,873.59,East
3139,2023-01-22,234,1,4,4284.32,1188.86,North
3140,2024-10-12,129,12,3,2433.25,418.76,South
3141,2023-10-13,469,16,1,847.35,198.66,West
3142,2023-03-08,103,13,1,45.88,12.53,East
3143,2024-05-01,261,11,3,1027.86,290.1,West
3144,2023-05-04,154,5,2,2009.23,198.92,North
3145,2024-11-11,231,4,2,657.04,147.95,North
3146,2024-01-18,349,5,5,5908.82,1093.92,West
3147,2024-08-19,230,7,2,2742.93,557.16,North
3148,2023-07-27,4,15,2,1847.51,201.95,West
3149,2023-01-12,446,2,4,191.27,36.77,East
3150,2023-04-26,426,2,1,49.98,6.92,West
3151,2023-01-10,406,9,5,3164.57,818.11,East
3152,2023-09-07,414,13,3,172.13,44.11,West
3153,2024-11-10,344,15,2,2039.68,378.0,East
3154,2023-06-26,42,17,1,344.0,75.46,East
3155,2023-03-14,414,11,5,1584.56,171.02,West
3156,2023-05-29,161,13,5,286.92,27.25,South
3157,2023-03-16,165,4,5,1832.54,246.21,West
3158,2024-10-02,270,7,4,5403.03,700.1,East
3159,2024-02-21,343,14,3,843.38,147.6,East
3160,2024-02-09,284,10,3,148.23,33.76,West
3161,2024-02-05,181,9,3,1982.94,523.5,North
3162,2023-05-11,318,13,2,103.42,29.87,South
3163,2024-02-21,274,8,5,763.15,187.88,East
3164,2023-09-05,77,11,2,725.06,103.89,West
3165,2024-03-19,11,12,1,823.98,141.57,East
3166,2023-03-28,64,12,5,4239.66,1063.95,South
3167,2024-01-14,488,14,1,301.13,42.7,West
3168,2023-11-07,340,4,3,1182.82,252.14,South
3169,2024-04-26,459,6,3,3218.07,530.79,West
3170,2024-12-12,338,13,5,264.56,60.87,North
3171,2024-11-07,114,16,5,4667.68,514.37,North
3172,2023-04-04,52,1,3,3198.53,942.13,East
3173,2024-06-13,201,18,5,4817.05,452.06,West
3174,2023-10-05,482,11,3,1170.92,246.8,West
3175,2023-11-17,193,10,2,128.17,19.39,South
3176,2024-08-02,382,11,2,642.92,188.96,West
3177,2023-12-10,26,9,2,1347.96,229.88,West
3178,2024-09-04,62,3,3,1293.57,291.06,East
3179,2023-05-23,289,18,5,5064.65,1172.13,West
3180,2024-12-04,321,15,2,2163.66,512.3,West
3181,2023-11-25,284,2,5,227.21,41.3,West
3182,2023-06-27,301,8,5,652.46,155.94,West
3183,2024-10-15,280,6,3,2975.74,629.63,West
3184,2023-07-07,63,16,3,2875.66,742.23,South
3185,2023-09-09,330,9,3,1949.49,463.49,West
3186,2024-04-15,466,15,5,5191.13,582.42,West
3187,2023-03-15,40,17,5,1651.28,483.22,West
3188,2024-02-07,41,7,5,6033.64,733.47,North
3189,2024-05-21,299,6,3,3166.12,943.47,East
3190,2023-10-11,389,1,5,5070.49,874.7,North
3191,2023-02-22,291,16,3,2945.43,642.65,East
3192,2024-09-01,273,16,4,3065.66,540.1,East
3193,2023-05-03,123,8,3,394.31,42.21,West
3194,2023-02-12,482,4,1,395.39,55.76,West
3195,2024-07-02,355,14,5,1501.53,379.06,North
3196,2023-07-29,427,15,4,3568.87,803.94,West
3197,2023-01-11,266,17,1,315.93,93.17,West
3198,2023-10-19,117,10,3,167.92,21.95,West
3199,2024-09-10,418,4,5,1834.83,254.46,West
3200,2023-12-29,350,4,5,1973.66,223.76,East
3201,2024-08-21,4,15,5,4867.27,624.82,West
3202,2023-07-28,398,4,4,1455.98,122.06,West
3203,2023-04-04,496,9,2,1368.48,294.37,North
3204,2024-05-12,461,7,3,3766.4,505.31,East
3205,2023-08-15,4,12,4,2968.32,635.56,West
3206,2023-08-14,124,6,2,2003.65,161.69,North
3207,2024-03-21,179,9,3,2057.55,436.07,East
3208,2024-04-01,234,2,4,182.28,18.61,North
3209,2024-02-23,233,12,1,849.75,150.71,North
3210,2024-09-21,287,17,4,1523.35,129.59,North
3211,2023-07-30,205,8,3,487.5,91.72,North
3212,2023-12-17,490,14,5,1526.18,289.65,South
3213,2024-02-02,276,1,5,5542.87,1183.08,West
3214,2023-05-28,328,1,3,3208.95,680.97,East
3215,2023-06-22,407,3,4,1908.23,239.61,South
3216,2023-12-28,222,16,3,2518.97,339.38,West
3217,2023-08-25,498,6,3,3097.1,845.82,West
3218,2024-12-03,484,7,1,1581.21,211.4,East
3219,2024-04-08,353,13,1,55.18,4.68,East
3220,2023-12-20,221,17,5,1705.59,144.14,West
3221,2024-04-01,206,1,4,4516.28,450.19,West
3222,2023-12-23,115,10,3,158.07,25.39,North
3223,2024-05-05,452,9,3,1815.26,232.73,West
3224,2024-10-22,208,4,5,1807.37,355.7,East
3225,2023-02-07,97,12,2,1821.61,291.83,West
3226,2023-04-03,290,17,2,752.82,86.52,West
3227,2024-12-13,89,12,5,4066.1,549.27,West
3228,2023-09-19,299,18,5,4599.58,664.61,East
3229,2023-10-13,484,4,4,1591.36,192.43,East
3230,2023-11-16,38,13,4,188.25,17.83,West
3231,2024-09-27,339,14,1,280.43,62.82,South
3232,2023-10-23,437,11,2,714.77,205.31,South
3233,2023-08-30,226,14,2,554.44,161.62,North
3234,2024-12-30,314,15,5,4515.55,1129.0,North
3235,2023-07-03,417,13,3,157.56,39.61,South
3236,2024-01-13,403,17,5,1890.24,214.73,South
3237,2023-09-09,111,12,2,1733.6,262.82,East
3238,2023-10-06,481,13,2,104.43,8.83,South
3239,2023-02-28,67,9,5,3251.23,379.55,West
3240,2023-06-09,239,1,4,4443.9,592.03,West
3241,2024-01-12,85,18,5,4760.44,673.32,West
3242,2024-04-10,172,1,2,1834.12,191.07,East
3243,2023-06-15,496,7,2,2925.25,719.59,North
3244,2024-01-22,435,10,1,51.18,7.33,North
3245,2024-05-16,245,11,5,1852.2,309.14,East
3246,2024-02-18,236,16,5,4794.65,875.77,East
3247,2023-12-29,156,3,5,2384.23,493.64,West
3248,2023-09-15,459,6,4,4305.46,730.59,West
3249,2024-05-26,448,8,5,654.35,57.59,South
3250,2024-09-06,466,8,1,167.23,44.35,West
3251,2024-09-10,137,10,1,63.72,10.46,South
3252,2024-01-18,278,5,3,3013.61,564.11,South
3253,2023-08-09,435,16,1,847.16,186.76,North
3254,2024-04-05,315,14,2,710.28,180.35,West
3255,2024-10-26,389,17,2,770.42,128.81,North
3256,2023-01-17,42,13,2,115.94,32.32,East
3257,2024-05-13,498,11,3,1027.23,243.28,West
3258,2023-07-29,351,3,3,1308.47,224.37,South
3259,2023-09-09,36,13,1,58.67,16.27,East
3260,2023-10-30,192,3,1,424.92,66.76,South
3261,2024-10-31,452,9,4,2967.56,288.41,West
3262,2023-12-30,307,14,3,1053.26,212.08,North
3263,2024-05-05,304,17,1,311.49,47.63,North
3264,2024-06-02,139,6,3,2901.44,865.39,West
3265,2024-12-29,64,16,2,1756.49,163.66,South
3266,2023-08-12,128,7,5,7294.12,1179.3,North
3267,2024-02-18,346,2,4,189.12,40.63,East
3268,2024-09-28,160,16,3,2460.86,396.08,West
3269,2024-08-22,97,3,5,1966.69,347.02,West
3270,2024-03-19,169,11,4,1516.46,133.38,South
3271,2024-08-02,344,11,5,1765.79,529.21,East
3272,2024-01-22,193,7,2,2676.14,634.62,South
3273,2023-05-28,189,10,3,153.84,43.28,West
3274,2024-09-23,173,16,1,834.43,139.16,West
3275,2023-02-15,460,6,1,1008.99,292.39,North
3276,2024-03-04,116,11,2,719.08,123.59,West
3277,2024-03-13,96,1,2,2048.96,278.93,West
3278,2023-01-01,373,13,2,118.63,13.75,North
3279,2023-09-29,58,14,1,342.46,86.69,North
3280,2024-04-24,231,9,2,1500.26,174.68,North
3281,2023-04-27,359,7,4,4950.19,896.55,East
3282,2024-09-23,38,2,3,158.6,25.67,West
3283,2023-09-22,269,4,4,1470.51,294.9,North
3284,2024-10-08,26,15,3,3226.97,632.09,West
3285,2024-06-16,326,12,5,4214.63,1084.68,South
3286,2023-08-20,263,1,2,2203.7,386.64,East
3287,2023-12-03,146,17,3,1200.16,175.37,South
3288,2023-02-22,369,10,4,257.99,37.69,North
3289,2023-04-20,377,2,3,162.69,32.88,South
3290,2023-09-12,64,4,2,712.09,80.98,South
3291,2024-12-15,437,4,1,364.05,58.2,South
3292,2024-03-05,449,13,4,212.03,30.91,North
3293,2023-06-16,400,10,2,118.26,34.14,East
3294,2023-11-18,385,4,1,403.5,37.33,North
3295,2024-03-18,265,3,4,1588.84,292.5,East
3296,2023-12-08,76,11,1,396.64,42.05,East
3297,2024-05-13,7,3,2,977.05,183.89,West
3298,2024-08-25,283,4,4,1321.27,230.72,East
3299,2023-10-21,89,6,2,1981.51,509.24,West
3300,2023-06-13,327,1,3,3117.56,656.43,North
3301,2023-04-14,45,12,1,705.47,180.01,South
3302,2023-06-03,379,17,1,359.48,67.72,East
3303,2024-12-15,245,18,1,971.83,289.8,East
3304,2024-04-27,104,10,1,51.86,5.67,West
3305,2024-11-26,313,13,3,164.33,43.04,West
3306,2024-11-13,351,13,3,159.26,14.16,South
3307,2023-12-05,117,8,3,389.31,116.48,West
3308,2023-02-10,401,1,1,1043.92,272.17,North
3309,2023-06-24,388,11,2,785.11,205.17,East
3310,2023-04-21,171,5,4,4341.65,625.69,South
3311,2023-03-15,338,1,5,5533.6,788.97,North
3312,2024-04-18,28,8,1,150.96,20.71,North
3313,2023-04-09,379,7,5,7024.39,907.79,East
3314,2023-02-02,432,6,3,3109.88,480.49,West
3315,2024-12-12,130,1,2,2005.98,360.18,North
3316,2023-11-10,226,13,5,244.75,57.58,North
3317,2024-03-04,469,5,4,5058.73,666.37,West
3318,2024-11-13,405,3,3,1256.83,167.1,South
3319,2024-12-21,87,5,2,2096.34,204.35,West
3320,2023-05-01,276,1,5,4545.64,1361.92,West
3321,2023-06-02,25,1,2,2150.46,305.68,South
3322,2024-12-05,281,13,3,148.02,19.63,West
3323,2024-03-21,449,1,4,3939.44,1121.05,North
3324,2024-08-24,7,17,5,1676.67,395.7,West
3325,2024-11-02,34,4,4,1247.2,142.73,North
3326,2023-12-20,134,13,2,91.14,7.92,West
3327,2024-02-03,340,17,3,970.67,183.92,South
3328,2024-12-27,368,10,4,252.15,45.11,North
3329,2024-12-25,401,4,3,1055.19,157.49,North
3330,2024-12-17,185,8,5,666.44,180.75,West
3331,2023-09-14,92,9,2,1308.92,244.92,East
3332,2023-06-01,472,5,3,3031.7,336.14,South
3333,2024-09-10,453,14,5,1605.78,226.62,North
3334,2023-07-04,303,14,2,628.07,156.76,South
3335,2024-12-29,408,13,3,149.05,32.09,North
3336,2023-01-03,330,13,3,138.42,34.57,West
3337,2023-07-26,274,12,5,3674.96,562.83,East
3338,2023-10-08,76,17,5,1792.59,494.23,East
3339,2024-09-19,498,11,5,1977.64,243.77,West
3340,2024-04-10,270,13,1,58.92,12.37,East
3341,2024-07-05,72,11,3,1207.8,217.91,North
3342,2023-12-07,264,11,3,911.99,191.2,East
3343,2024-04-30,131,11,1,385.75,66.27,South
3344,2024-09-15,218,3,4,1799.34,509.36,North
3345,2023-08-17,449,8,5,721.97,105.45,North
3346,2023-08-23,411,16,1,904.59,187.71,North
3347,2023-09-29,465,8,4,503.06,65.61,South
3348,2024-04-05,494,14,2,595.2,47.91,West
3349,2023-03-19,294,3,1,478.86,67.14,North
3350,2024-03-02,425,5,5,5010.18,1358.16,East
3351,2024-09-06,321,11,3,1107.03,209.52,West
3352,2023-08-07,464,7,5,7100.08,1430.8,South
3353,2023-08-29,102,2,1,55.67,9.22,West
3354,2023-07-01,421,9,3,2037.68,252.79,South
3355,2023-03-23,429,15,4,3907.97,523.79,West
3356,2023-01-22,333,2,4,175.81,50.08,West
3357,2023-06-23,457,1,3,3169.1,721.92,West
3358,2023-06-15,249,6,4,4772.83,596.13,West
3359,2024-01-06,81,15,2,1818.29,518.18,South
3360,2024-07-09,113,10,3,180.74,39.87,North
3361,2023-06-09,362,8,1,162.14,43.4,South
3362,2023-09-03,74,17,1,311.31,77.66,West
3363,2023-07-03,157,5,3,3102.8,556.28,West
3364,2024-05-27,342,1,1,1087.71,273.56,South
3365,2024-06-07,168,9,4,2392.75,543.06,North
3366,2023-03-27,457,11,3,1014.24,101.67,West
3367,2024-02-02,231,12,2,1742.62,348.47,North
3368,2023-01-19,469,2,3,166.38,36.02,West
3369,2023-03-06,460,3,1,398.25,61.83,North
3370,2024-12-07,123,9,5,3386.31,627.52,West
3371,2023-01-31,190,16,3,2470.95,409.29,East
3372,2023-04-17,371,2,4,215.96,54.14,South
3373,2023-08-06,178,6,4,3870.51,838.49,West
3374,2024-08-23,414,3,4,1887.91,178.82,West
3375,2024-11-03,282,10,2,128.4,32.33,West
3376,2024-04-13,151,17,5,1719.69,380.66,North
3377,2023-02-12,281,2,2,86.12,10.45,West
3378,2023-12-30,242,15,5,4427.61,1001.56,North
3379,2024-10-26,120,6,3,3059.78,749.47,East
3380,2023-11-19,296,3,1,486.37,48.03,North
3381,2024-08-31,485,2,1,49.92,12.41,East
3382,2023-05-20,393,2,5,246.28,49.7,South
3383,2023-12-15,217,16,5,3846.47,993.86,South
3384,2023-09-09,244,2,3,140.9,36.76,West
3385,2023-02-09,432,15,3,3397.54,312.85,West
3386,2024-11-11,377,11,3,1197.92,131.92,South
3387,2024-01-24,406,14,3,1102.37,156.26,East
3388,2023-03-18,475,10,4,259.5,41.53,South
3389,2023-11-12,153,18,4,3983.93,675.32,East
3390,2023-10-19,80,8,1,139.31,32.96,West
3391,2024-06-21,236,6,2,2201.26,588.5,East
3392,2023-04-27,132,11,3,935.33,129.19,East
3393,2023-11-22,285,3,3,1469.08,176.55,South
3394,2024-08-19,148,2,2,107.79,14.11,West
3395,2023-11-15,400,12,3,2637.87,530.33,East
3396,2023-03-23,142,6,5,5821.88,1168.84,South
3397,2024-12-08,255,13,5,263.51,73.62,South
3398,2023-04-13,58,12,3,2674.85,656.69,North
3399,2023-11-16,81,4,1,402.75,69.45,South
3400,2023-10-03,438,5,3,3728.4,410.56,South
3401,2024-08-25,422,13,1,44.65,12.33,West
3402,2024-04-25,348,11,1,383.73,64.97,East
3403,2023-09-28,264,6,1,964.96,276.68,East
3404,2023-03-25,387,7,2,2679.29,323.47,West
3405,2024-12-18,411,3,5,2434.8,532.7,North
3406,2024-04-26,391,1,1,929.56,219.19,North
3407,2024-11-29,268,15,2,2060.18,613.36,West
3408,2024-11-28,69,17,1,357.72,50.13,West
3409,2024-05-19,359,18,2,1890.16,175.9,East
3410,2024-09-19,173,10,2,119.69,14.64,West
3411,2023-10-27,316,7,5,6718.72,1135.43,West
3412,2024-02-26,486,5,5,6495.79,930.75,East
3413,2024-09-23,2,18,2,2054.57,220.71,North
3414,2023-09-19,490,4,4,1499.82,284.2,South
3415,2024-02-20,183,11,1,361.7,88.36,South
3416,2024-08-13,389,11,2,641.53,141.77,North
3417,2024-11-18,31,8,1,136.0,32.16,East
3418,2023-09-13,436,2,2,106.21,25.58,West
3419,2023-05-17,323,13,4,235.72,33.2,South
3420,2024-08-11,283,9,1,575.33,72.63,East
3421,2024-12-13,486,9,1,577.43,59.78,East
3422,2024-04-02,360,16,2,1550.73,371.17,East
3423,2024-01-13,250,4,1,341.74,58.25,South
3424,2024-11-27,345,13,5,243.37,54.97,West
3425,2023-07-31,171,17,2,688.27,83.53,South
3426,2024-05-16,400,11,2,702.88,98.58,East
3427,2023-09-16,488,15,1,881.39,160.4,West
3428,2023-03-03,21,5,1,1245.2,243.24,South
3429,2024-02-28,270,1,2,1796.73,257.27,East
3430,2023-10-14,411,18,3,2539.14,632.73,North
3431,2024-06-26,89,3,4,1544.14,277.91,West
3432,2024-10-21,472,1,3,2793.79,347.0,South
3433,2024-05-03,238,8,3,497.76,69.35,East
3434,2023-08-14,339,10,4,224.44,24.55,South
3435,2024-10-22,250,6,2,2129.77,272.93,South
3436,2024-06-05,218,2,5,258.23,28.88,North
3437,2024-01-15,155,11,3,1064.33,246.69,East
3438,2024-11-05,303,10,3,172.17,25.52,South
3439,2023-01-21,237,17,4,1244.03,361.48,East
3440,2023-09-05,189,16,1,961.39,130.23,West
3441,2024-11-15,288,14,2,722.44,193.82,West
3442,2024-06-26,159,13,5,291.43,63.55,West
3443,2023-01-04,429,10,5,256.97,21.66,West
3444,2024-03-05,121,18,5,4752.56,381.73,East
3445,2023-07-11,172,3,2,782.94,115.4,East
3446,2023-09-15,21,11,4,1489.22,208.23,South
3447,2024-10-05,337,8,2,284.83,75.54,East
3448,2024-08-01,120,2,5,252.71,25.56,East
3449,2024-10-01,355,6,4,3905.64,522.87,North
3450,2023-12-11,125,12,1,768.37,189.76,South
3451,2023-12-08,140,4,5,1795.03,313.74,East
3452,2023-01-17,290,11,5,1858.35,190.86,West
3453,2023-08-25,13,11,2,687.13,61.6,South
3454,2024-02-27,178,9,4,2709.18,656.96,West
3455,2024-11-28,482,18,1,1062.89,213.31,West
3456,2023-08-15,132,12,2,1711.22,219.14,East
3457,2023-02-07,281,12,1,745.38,210.2,West
3458,2023-05-04,320,17,4,1621.08,359.01,East
3459,2023-08-03,354,2,4,175.47,49.69,West
3460,2023-05-02,236,6,5,4725.09,638.22,East
3461,2024-07-03,450,2,5,265.64,76.08,North
3462,2023-02-15,86,12,2,1591.28,224.3,North
3463,2024-11-04,132,4,2,772.31,185.59,East
3464,2023-08-10,309,16,4,3743.92,1030.49,East
3465,2023-04-01,78,17,1,355.76,46.41,South
3466,2023-10-12,233,16,5,3698.93,862.6,North
3467,2024-04-08,400,17,3,1083.29,125.82,East
3468,2024-10-04,161,14,1,328.17,74.43,South
3469,2023-06-26,411,11,2,770.05,101.28,North
3470,2023-07-03,186,9,1,612.32,77.15,West
3471,2023-10-30,469,15,2,2031.52,458.24,West
3472,2024-09-25,313,12,2,1434.94,152.01,West
3473,2024-01-11,358,17,2,736.58,201.56,West
3474,2024-12-04,70,11,3,1037.07,239.92,East
3475,2024-04-30,421,17,2,686.01,80.75,South
3476,2024-06-29,38,8,1,132.92,35.28,West
3477,2023-04-22,247,11,4,1242.95,142.51,North
3478,2023-06-07,355,12,1,781.69,137.28,North
3479,2023-09-30,412,16,2,1831.51,434.1,North
3480,2024-08-28,89,5,5,6476.24,1824.81,West
3481,2024-04-08,319,13,3,140.78,42.15,North
3482,2024-11-07,216,11,5,1796.69,520.67,North
3483,2023-06-26,208,14,4,1327.11,338.2,East
3484,2023-11-20,25,1,3,2824.91,359.08,South
3485,2023-07-20,128,10,1,55.58,9.04,North
3486,2024-04-21,426,12,5,4494.62,1224.51,West
3487,2024-12-12,371,14,1,287.29,26.38,South
3488,2023-04-26,254,3,5,2241.72,373.95,West
3489,2024-12-30,411,9,5,3580.6,392.96,North
3490,2023-07-04,214,10,5,288.78,37.83,East
3491,2023-09-04,50,6,2,2387.66,458.08,East
3492,2024-07-10,451,10,5,316.97,42.2,East
3493,2023-03-27,383,12,5,3821.51,757.67,East
3494,2023-09-25,84,11,3,1006.93,110.72,West
3495,2023-02-15,301,15,2,2012.07,537.33,West
3496,2023-05-24,216,15,2,2232.28,286.87,North
3497,2024-06-14,453,7,1,1264.81,224.27,North
3498,2024-10-11,74,8,4,593.89,143.9,West
3499,2024-04-16,96,15,3,2786.45,392.3,West
3500,2023-01-31,273,3,3,1145.94,94.58,East
3501,2024-11-11,309,9,1,707.17,190.82,East
3502,2023-03-27,357,16,1,819.29,202.09,East
3503,2023-03-25,306,10,5,251.54,30.66,North
3504,2024-03-25,56,8,1,158.39,31.45,East
3505,2023-02-28,441,10,3,185.43,45.37,West
3506,2023-01-27,351,4,5,1911.2,568.48,South
3507,2024-01-24,307,18,3,2934.84,747.89,North
3508,2024-10-23,275,5,5,5464.49,788.36,East
3509,2023-03-29,358,2,2,100.57,11.32,West
3510,2024-07-06,231,16,5,4286.66,806.11,North
3511,2023-06-04,176,17,1,322.46,79.94,West
3512,2024-09-28,46,10,5,309.13,46.09,North
3513,2023-02-11,82,2,4,198.94,36.37,East
3514,2024-09-05,38,16,1,751.81,169.64,West
3515,2024-01-22,118,6,2,2043.9,317.07,South
3516,2024-06-12,441,6,3,3001.45,339.14,West
3517,2024-07-30,72,16,4,3080.32,526.28,North
3518,2024-06-07,53,16,3,2387.84,359.99,South
3519,2024-01-10,77,12,1,757.67,88.99,West
3520,2024-01-20,412,16,5,4598.37,926.85,North
3521,2024-10-02,277,1,1,1002.16,169.85,South
3522,2024-02-25,204,6,2,2200.77,473.44,North
3523,2024-09-24,101,13,4,199.45,59.78,West
3524,2024-10-13,50,13,5,293.76,78.83,East
3525,2023-07-09,35,17,5,1586.92,148.15,West
3526,2023-05-06,402,11,1,389.35,52.8,West
3527,2023-05-08,90,3,5,2449.6,689.2,West
3528,2023-09-25,200,7,1,1456.78,199.44,East
3529,2024-07-14,255,11,2,795.46,150.87,South
3530,2024-06-12,456,10,2,104.25,24.81,East
3531,2024-06-25,383,6,2,2228.65,374.27,East
3532,2023-06-08,277,3,2,925.13,102.81,South
3533,2024-09-25,45,6,4,4494.16,1077.33,South
3534,2024-08-08,373,9,5,3492.05,791.77,North
3535,2024-02-22,95,3,3,1245.86,105.35,East
3536,2023-05-14,193,16,4,3322.29,795.86,South
3537,2024-03-17,218,18,5,4280.93,634.04,North
3538,2023-03-26,220,4,3,1067.4,94.97,West
3539,2023-10-26,16,15,4,4631.95,1014.21,South
3540,2023-12-30,116,16,2,1946.14,315.68,West
3541,2023-02-13,121,3,3,1203.93,305.2,East
3542,2023-12-15,206,4,3,1092.53,132.34,West
3543,2023-01-24,14,8,2,307.16,56.32,West
3544,2024-02-26,465,11,3,1145.94,309.26,South
3545,2024-08-12,215,4,5,2034.91,400.22,South
3546,2023-08-20,411,9,1,714.81,115.11,North
3547,2024-12-15,231,9,5,3353.89,399.98,North
3548,2023-12-06,424,16,3,2755.99,301.88,South
3549,2024-12-14,324,9,5,2932.92,678.73,West
3550,2023-10-24,32,15,1,1082.08,100.26,West
3551,2023-09-02,13,4,3,988.06,126.03,South
3552,2023-07-18,459,4,3,1180.42,161.36,West
3553,2024-12-26,247,18,3,2495.27,599.51,North
3554,2023-04-15,60,11,2,622.53,147.22,North
3555,2024-06-22,397,5,4,4606.25,1258.85,North
3556,2024-07-11,23,10,1,49.75,14.66,East
3557,2024-08-30,348,2,2,87.68,20.11,East
3558,2023-08-10,295,10,4,204.63,45.36,West
3559,2023-02-10,470,8,2,325.05,87.13,West
3560,2023-03-27,403,7,1,1574.32,337.87,South
3561,2024-05-23,494,3,5,2366.61,359.81,West
3562,2023-04-08,336,18,4,3688.84,701.43,North
3563,2024-07-19,263,6,4,4545.95,888.21,East
3564,2023-01-11,345,9,1,749.44,94.37,West
3565,2023-01-31,96,12,1,820.83,126.09,West
3566,2023-04-25,438,7,4,5705.21,1507.72,South
3567,2023-01-14,408,4,5,1667.19,271.76,North
3568,2024-10-14,135,17,4,1503.92,207.62,North
3569,2024-09-02,12,2,3,132.72,31.78,East
3570,2023-01-04,39,2,4,220.22,50.57,North
3571,2024-01-12,137,13,4,214.59,33.49,South
3572,2023-03-20,214,5,1,1100.0,105.16,East
3573,2024-06-22,381,5,1,1208.98,249.66,East
3574,2024-07-06,355,17,1,334.29,43.76,North
3575,2024-05-03,308,3,5,2105.01,180.62,West
3576,2024-02-22,78,3,2,804.66,208.64,South
3577,2023-08-09,493,5,2,2396.22,458.37,West
3578,2023-09-03,426,9,1,661.26,101.66,West
3579,2023-03-20,12,2,4,175.4,50.06,East
3580,2023-05-14,193,5,3,3507.73,594.89,South
3581,2024-01-11,9,9,1,695.59,174.71,South
3582,2023-09-01,82,6,3,3200.59,534.53,East
3583,2023-02-17,349,5,4,4676.53,472.88,West
3584,2024-03-12,379,17,2,767.69,64.45,East
3585,2023-07-17,169,2,1,54.95,5.07,South
3586,2024-01-05,443,11,2,683.07,187.57,South
3587,2023-01-28,286,12,1,775.1,178.8,North
3588,2023-11-25,457,7,1,1583.24,200.8,West
3589,2023-08-12,158,8,2,272.44,42.21,North
3590,2024-03-16,28,1,1,1013.51,121.97,North
3591,2023-04-22,300,3,5,2194.7,584.74,North
3592,2024-07-28,295,13,4,216.64,24.13,West
3593,2024-06-21,464,7,2,3078.94,443.02,South
3594,2023-04-29,439,6,1,990.41,274.54,East
3595,2024-06-24,20,10,1,65.04,16.37,South
3596,2023-11-02,134,11,3,978.33,263.98,West
3597,2024-06-25,240,8,5,656.5,59.18,South
3598,2024-10-22,446,9,2,1293.02,309.35,East
3599,2023-04-15,95,2,1,52.0,9.33,East
3600,2024-09-12,66,6,1,1167.64,223.75,East
3601,2024-08-17,462,18,5,4938.51,1267.83,South
3602,2024-08-10,406,8,3,399.59,33.35,East
3603,2023-09-19,66,6,4,4378.07,509.75,East
3604,2024-12-24,104,7,5,7177.82,2062.69,West
3605,2024-10-01,421,9,4,2738.1,445.46,South
3606,2024-07-19,40,3,3,1375.89,339.97,West
3607,2023-04-02,93,15,4,4565.85,662.14,North
3608,2024-01-10,461,15,5,5252.57,1156.04,East
3609,2023-09-12,243,7,5,6322.26,1292.11,North
3610,2023-01-22,82,8,3,473.75,130.38,East
3611,2024-09-25,114,9,5,3632.98,975.47,North
3612,2023-07-14,81,13,2,92.39,24.45,South
3613,2023-10-29,181,15,2,2219.16,556.52,North
3614,2024-02-18,397,17,4,1447.49,421.71,North
3615,2024-02-22,145,8,1,151.63,12.9,East
3616,2024-04-29,305,8,5,660.37,145.84,West
3617,2024-03-03,482,11,4,1600.55,138.79,West
3618,2023-06-28,345,17,4,1522.78,225.51,West
3619,2024-06-16,485,10,2,117.72,17.85,East
3620,2024-01-06,411,6,5,5575.37,1548.14,North
3621,2023-05-22,106,10,5,298.43,60.72,South
3622,2023-10-19,393,5,1,1271.67,352.76,South
3623,2024-11-10,404,11,4,1256.24,139.87,West
3624,2024-09-16,311,2,5,243.5,21.08,West
3625,2024-02-20,362,3,2,904.36,143.72,South
3626,2024-03-20,232,13,2,108.82,10.94,East
3627,2024-01-27,361,7,5,7178.07,1118.61,East
3628,2023-08-10,147,11,1,303.7,56.5,South
3629,2023-04-11,304,5,4,4879.4,1126.4,North
3630,2023-07-14,14,10,2,124.27,18.52,West
3631,2023-05-04,159,11,3,982.71,120.14,West
3632,2024-02-13,102,1,3,3068.59,407.91,West
3633,2024-06-05,117,18,3,2614.93,726.37,West
3634,2023-06-18,341,13,1,51.7,6.68,North
3635,2024-11-14,496,3,1,485.14,85.16,North
3636,2024-02-03,118,1,4,3538.23,325.99,South
3637,2024-05-30,45,12,4,2931.73,286.92,South
3638,2024-09-18,249,8,2,279.21,81.89,West
3639,2023-02-19,465,18,1,1051.05,170.84,South
3640,2024-09-18,266,10,1,59.54,5.81,West
3641,2023-03-16,7,1,5,5571.2,839.62,West
3642,2024-02-22,40,16,4,3722.15,1004.38,West
3643,2023-07-20,199,13,5,287.72,83.11,West
3644,2024-10-04,120,6,4,3841.34,924.21,East
3645,2024-10-14,248,18,2,1747.5,146.27,East
3646,2024-03-27,444,6,4,4206.75,597.06,East
3647,2023-03-01,271,14,2,682.55,122.03,East
3648,2024-02-17,43,15,2,2208.85,376.75,South
3649,2024-09-02,312,9,2,1202.16,101.32,East
3650,2024-05-18,490,8,1,155.94,40.81,South
3651,2023-02-18,452,8,4,666.77,136.28,West
3652,2023-03-10,242,7,5,7572.24,1044.82,North
3653,2024-06-20,331,18,4,3915.73,539.65,West
3654,2023-07-23,290,5,2,2127.86,278.89,West
3655,2023-11-18,399,11,2,676.49,192.62,West
3656,2023-12-20,171,9,2,1500.53,252.52,South
3657,2024-07-11,105,1,4,4537.06,826.36,West
3658,2023-06-18,78,6,2,2247.16,218.63,South
3659,2023-01-01,107,1,2,1952.36,250.2,South
3660,2023-09-01,492,4,4,1572.51,464.68,East
3661,2023-05-16,200,14,3,955.85,191.31,East
3662,2024-01-21,229,3,3,1179.25,150.96,East
3663,2024-11-14,229,1,1,1023.94,151.09,East
3664,2023-02-20,492,15,5,5467.87,640.36,East
3665,2023-11-27,77,3,5,1919.14,518.37,West
3666,2024-06-06,3,4,3,938.22,243.79,East
3667,2023-10-10,153,5,4,4364.82,399.98,East
3668,2023-07-29,83,6,4,4499.23,1183.48,South
3669,2024-04-26,458,3,4,1780.34,505.78,East
3670,2024-05-26,159,8,4,614.08,72.14,West
3671,2023-03-18,83,4,2,619.52,71.57,South
3672,2024-05-18,257,14,1,357.81,74.99,South
3673,2023-04-15,457,17,2,736.81,101.27,West
3674,2023-06-25,417,1,4,4127.33,639.04,South
3675,2024-12-04,154,14,4,1325.47,174.23,North
3676,2023-08-26,37,3,4,1951.89,387.76,West
3677,2024-06-11,109,15,1,932.51,214.42,West
3678,2024-02-23,338,3,3,1144.45,149.19,North
3679,2023-01-24,43,6,4,4268.01,1001.36,South
3680,2024-10-13,355,16,5,4227.37,971.3,North
3681,2024-04-09,278,6,1,1062.57,99.29,South
3682,2023-08-30,361,7,4,6268.66,1216.25,East
3683,2023-01-16,417,8,2,281.74,22.68,South
3684,2023-05-28,322,17,5,1565.89,414.88,South
3685,2023-08-18,315,8,2,303.85,46.23,West
3686,2023-03-30,430,6,2,2439.08,559.34,South
3687,2023-01-16,182,1,3,3272.92,649.99,East
3688,2023-04-18,449,7,4,5925.41,1001.9,North
3689,2023-03-16,160,14,2,647.36,161.46,West
3690,2023-03-16,490,6,2,2432.69,268.87,South
3691,2024-02-12,479,17,5,2014.98,495.87,South
3692,2024-07-24,13,10,1,58.6,14.65,South
3693,2023-08-29,3,16,3,2537.36,542.92,East
3694,2024-07-13,182,4,3,1192.61,345.47,East
3695,2023-02-08,223,7,2,3094.6,791.12,North
3696,2024-12-09,166,4,5,1916.55,432.58,South
3697,2024-03-19,381,5,5,6602.53,1397.16,East
3698,2024-06-03,306,12,3,2725.49,606.81,North
3699,2024-09-12,402,1,3,2892.05,699.28,West
3700,2024-07-20,143,8,5,759.69,168.95,West
3701,2023-12-22,202,18,3,2758.76,551.9,North
3702,2023-02-06,342,8,4,618.77,109.59,South
3703,2023-07-03,157,4,3,997.51,199.18,West
3704,2024-02-04,42,16,4,3430.14,681.36,East
3705,2023-01-27,323,4,2,808.61,145.1,South
3706,2023-03-21,152,3,4,1996.62,187.61,East
3707,2024-05-21,135,16,4,3561.16,670.72,North
3708,2023-06-03,395,17,5,1958.17,404.19,North
3709,2024-06-01,353,9,4,2680.25,712.98,East
3710,2023-11-24,30,2,2,99.72,12.28,North
3711,2024-10-20,475,7,1,1419.23,326.34,South
3712,2024-02-13,74,4,1,374.46,86.17,West
3713,2024-01-13,52,17,2,619.76,86.3,East
3714,2024-11-10,194,1,1,1124.89,179.17,West
3715,2024-01-26,302,11,4,1501.98,229.82,East
3716,2024-08-05,134,6,4,3712.63,846.71,West
3717,2023-10-14,297,13,2,115.92,13.76,North
3718,2024-01-19,162,13,3,145.72,17.51,North
3719,2024-02-07,445,6,5,5285.92,881.14,West
3720,2023-12-28,407,13,2,113.74,24.4,South
3721,2024-10-15,301,15,2,1905.76,551.45,West
3722,2024-08-12,108,18,5,5123.92,1299.93,South
3723,2023-07-19,196,12,2,1623.4,451.85,South
3724,2023-04-16,299,13,5,248.21,28.84,East
3725,2024-12-01,133,12,1,842.45,128.17,South
3726,2023-12-12,321,6,5,5685.7,1620.85,West
3727,2023-12-18,396,8,2,283.75,83.17,South
3728,2024-02-18,408,13,2,117.29,15.1,North
3729,2023-12-18,407,3,2,889.05,224.01,South
3730,2023-04-15,327,6,3,2954.23,880.7,North
3731,2023-04-19,66,8,5,745.13,123.74,East
3732,2023-01-27,452,13,3,176.19,33.07,West
3733,2024-01-31,372,1,3,3422.21,694.4,South
3734,2024-09-16,221,7,1,1334.17,249.9,West
3735,2023-09-25,224,5,3,3213.26,394.32,South
3736,2023-05-03,195,1,5,5599.96,1549.23,North
3737,2023-03-18,53,7,5,7888.07,827.48,South
3738,2024-09-05,300,3,4,1755.18,158.52,North
3739,2024-12-22,485,18,5,4440.43,585.8,East
3740,2023-03-30,177,12,1,878.62,110.92,North
3741,2023-04-01,464,6,3,3047.43,547.95,South
3742,2023-12-02,368,16,3,2368.94,302.4,North
3743,2024-01-10,480,7,2,2908.57,369.92,East
3744,2024-05-02,386,8,4,624.22,180.49,North
3745,2023-09-01,490,3,1,478.41,85.35,South
3746,2023-02-16,53,10,3,147.67,31.98,South
3747,2024-12-14,15,1,2,2232.19,572.61,West
3748,2023-03-31,423,8,3,381.18,60.17,West
3749,2024-01-28,134,10,4,236.03,68.11,West
3750,2024-12-13,39,2,1,50.93,9.37,North
3751,2024-09-11,368,18,1,994.35,108.34,North
3752,2023-01-07,35,10,4,213.58,23.18,West
3753,2024-06-23,264,17,5,1806.26,449.28,East
3754,2023-06-16,102,8,4,651.4,186.13,West
3755,2024-03-14,194,11,5,1720.53,499.33,West
3756,2024-06-02,400,6,5,5216.92,1283.07,East
3757,2024-03-28,296,2,5,232.54,62.73,North
3758,2024-05-19,201,1,2,2140.83,411.57,West
3759,2024-07-08,17,18,3,2902.86,700.27,West
3760,2024-01-08,116,15,4,4457.2,667.74,West
3761,2023-10-22,106,13,5,236.14,25.59,South
3762,2023-05-02,77,8,5,830.47,214.87,West
3763,2023-12-07,38,8,4,506.6,144.47,West
3764,2023-02-10,81,10,1,49.66,12.73,South
3765,2024-10-16,315,2,3,137.4,30.56,West
3766,2023-03-16,442,2,2,112.27,12.22,East
3767,2023-11-30,389,14,1,355.44,33.85,North
3768,2023-11-28,70,18,1,889.77,77.8,East
3769,2024-10-10,220,3,2,915.06,185.04,West
3770,2024-11-29,28,5,2,2059.9,302.22,North
3771,2024-06-21,388,13,5,268.77,44.32,East
3772,2024-05-17,25,12,5,3598.3,1050.28,South
3773,2024-03-09,14,17,2,700.41,154.24,West
3774,2023-10-27,51,14,4,1338.94,151.21,North
3775,2023-05-13,192,7,1,1352.59,261.55,South
3776,2024-01-13,392,7,2,2642.2,763.42,East
3777,2024-06-22,120,15,1,944.61,244.64,East
3778,2023-04-19,331,10,5,304.94,37.17,West
3779,2023-05-10,312,2,1,45.38,5.06,East
3780,2024-10-03,385,5,1,1097.88,110.2,North
3781,2023-01-09,178,13,4,230.98,44.88,West
3782,2023-09-26,447,7,4,5608.46,700.33,East
3783,2024-04-19,331,1,5,4830.61,952.37,West
3784,2024-02-18,314,5,4,4675.65,463.64,North
3785,2023-07-01,294,14,4,1391.79,386.87,North
3786,2024-04-20,377,6,4,4057.86,991.34,South
3787,2024-07-29,258,4,3,1118.51,208.54,East
3788,2023-06-08,48,17,4,1568.86,450.69,East
3789,2023-05-26,188,17,3,1102.28,212.08,East
3790,2024-01-27,254,11,4,1571.26,317.14,West
3791,2024-02-06,155,1,1,881.81,239.14,East
3792,2023-05-04,54,15,4,4279.71,507.66,East
3793,2024-12-04,131,15,4,3774.48,669.73,South
3794,2024-08-01,232,1,2,2111.54,617.96,East
3795,2023-11-30,252,5,1,1057.0,120.65,West
3796,2024-09-21,102,13,5,238.84,40.75,West
3797,2023-04-14,225,2,2,105.87,27.09,West
3798,2023-03-19,149,16,5,4488.34,592.37,East
3799,2023-05-28,241,2,5,229.48,26.77,South
3800,2024-12-20,357,7,3,4778.45,1212.09,East
3801,2023-07-28,192,3,5,2090.68,599.47,South
3802,2024-03-03,493,10,3,152.86,36.6,West
3803,2024-05-19,325,18,4,3430.06,884.31,South
3804,2023-09-11,390,6,3,3612.56,742.85,West
3805,2023-09-17,261,13,3,159.51,46.21,West
3806,2024-09-17,263,1,4,4292.51,453.4,East
3807,2024-09-10,324,6,4,4673.75,1258.81,West
3808,2023-01-03,111,3,4,1605.34,190.0,East
3809,2023-06-15,357,10,1,49.86,6.69,East
3810,2024-04-24,268,1,5,5429.54,1522.15,West
3811,2023-08-08,22,16,1,860.67,238.39,East
3812,2023-05-22,173,11,3,1081.72,219.4,West
3813,2023-09-06,134,9,5,2999.15,258.46,West
3814,2023-05-18,31,14,1,348.53,58.33,East
3815,2024-07-15,378,15,1,935.8,82.62,East
3816,2023-09-29,369,12,1,860.87,161.47,North
3817,2024-06-15,128,6,4,4281.0,1155.86,North
3818,2023-12-24,65,5,4,4894.79,1138.19,North
3819,2024-11-14,469,13,3,156.69,18.9,West
3820,2024-02-08,440,11,5,1976.49,505.41,East
3821,2023-07-26,227,6,1,921.75,272.06,West
3822,2024-02-02,158,7,2,2929.49,759.41,North
3823,2023-11-25,20,12,5,3558.71,336.69,South
3824,2023-08-04,11,17,2,786.31,161.6,East
3825,2023-01-24,132,15,1,1109.12,245.6,East
3826,2024-08-23,449,4,2,770.66,174.23,North
3827,2023-11-07,286,11,1,322.22,45.43,North
3828,2023-07-17,291,6,5,4668.85,1219.11,East
3829,2024-08-13,343,13,1,50.76,9.31,East
3830,2024-12-04,366,11,2,723.95,72.72,West
3831,2023-05-29,298,1,1,981.38,215.24,South
3832,2023-04-29,352,2,2,90.96,9.64,South
3833,2024-02-24,270,15,4,4069.72,916.66,East
3834,2023-04-28,56,6,1,1101.53,268.91,East
3835,2023-04-29,127,1,1,899.03,151.57,West
3836,2023-07-05,27,8,2,254.68,54.97,West
3837,2024-04-02,31,14,1,288.14,44.79,East
3838,2024-03-24,170,17,5,1996.44,246.66,East
3839,2023-08-08,114,16,5,3744.47,770.67,North
3840,2024-01-25,75,15,4,3917.99,775.58,North
3841,2024-04-11,49,16,2,1800.4,407.49,East
3842,2024-06-17,67,17,3,945.41,234.61,West
3843,2023-06-30,300,14,3,854.62,121.85,North
3844,2024-11-30,59,9,5,3252.17,635.67,South
3845,2023-01-09,433,13,3,159.46,24.22,North
3846,2023-06-03,40,7,2,2890.04,470.0,West
3847,2024-08-28,348,5,1,1060.94,282.54,East
3848,2024-01-25,443,13,3,171.19,16.18,South
3849,2023-08-08,171,15,1,1090.55,223.73,South
3850,2023-05-12,130,13,3,168.5,35.11,North
3851,2023-04-10,260,10,1,52.7,9.48,North
3852,2023-10-10,260,5,2,2119.95,605.75,North
3853,2023-12-01,268,16,5,4364.16,721.05,West
3854,2023-08-06,116,11,2,774.89,106.21,West
3855,2023-06-09,68,16,1,746.09,222.2,East
3856,2024-03-08,348,8,1,130.74,28.13,East
3857,2023-08-25,440,1,4,4110.01,580.11,East
3858,2024-09-05,406,8,2,303.03,53.78,East
3859,2024-03-17,299,11,1,345.12,72.47,East
3860,2023-08-22,162,12,4,2865.74,771.46,North
3861,2024-10-27,210,17,5,2002.91,207.4,East
3862,2023-09-25,434,2,3,168.17,19.32,North
3863,2023-08-16,437,11,1,372.83,100.9,South
3864,2023-09-13,215,16,1,754.23,63.14,South
3865,2024-02-20,115,12,3,2716.92,554.73,North
3866,2024-01-13,466,9,4,2623.5,664.02,West
3867,2023-03-08,468,5,5,5599.08,1174.84,East
3868,2024-01-16,386,6,3,3010.58,799.52,North
3869,2023-09-15,263,2,2,98.69,10.21,East
3870,2024-04-17,344,15,3,3023.79,315.45,East
3871,2023-03-02,492,8,5,788.92,201.49,East
3872,2023-05-06,90,15,5,4459.32,382.89,West
3873,2024-07-21,233,2,4,183.21,32.77,North
3874,2023-04-03,109,10,3,170.82,29.59,West
3875,2024-07-11,378,9,1,577.31,58.56,East
3876,2024-04-03,87,11,3,939.04,197.58,West
3877,2023-12-17,313,9,1,709.74,129.14,West
3878,2024-06-04,446,17,2,617.85,111.0,East
3879,2023-02-25,264,15,2,2032.16,265.04,East
3880,2023-02-18,478,16,1,940.24,134.74,West
3881,2023-10-10,456,13,5,259.49,32.15,East
3882,2023-06-29,45,2,4,176.65,21.77,South
3883,2024-08-01,448,17,1,348.79,54.68,South
3884,2024-11-23,188,2,5,237.91,41.32,East
3885,2024-09-02,17,2,4,184.57,15.97,West
3886,2024-07-28,195,10,1,49.05,6.07,North
3887,2024-09-13,8,3,2,857.02,223.66,South
3888,2023-09-18,291,7,4,6169.04,1700.93,East
3889,2023-06-02,441,1,4,3557.09,742.48,West
3890,2023-09-04,164,3,5,2412.13,564.16,North
3891,2023-01-20,113,4,4,1246.48,368.41,North
3892,2024-02-29,437,16,4,3378.81,501.19,South
3893,2024-10-03,336,17,3,1093.36,269.1,North
3894,2023-02-21,143,7,1,1384.99,258.78,West
3895,2023-05-08,329,1,4,4521.76,398.9,South
3896,2024-08-22,154,16,3,2393.84,596.11,North
3897,2023-03-11,312,2,5,270.9,55.22,East
3898,2024-08-10,228,8,3,377.14,50.86,West
3899,2023-11-21,267,15,1,1110.73,99.19,East
3900,2024-09-15,94,4,5,1799.49,463.77,South
3901,2024-10-24,10,17,3,1166.71,304.25,South
3902,2024-09-12,240,1,4,4077.27,768.24,South
3903,2024-10-25,447,8,2,256.62,46.68,East
3904,2024-12-02,240,18,4,3325.01,569.26,South
3905,2024-07-23,295,6,5,5727.68,586.81,West
3906,2023-04-12,462,17,4,1278.75,238.73,South
3907,2024-05-11,387,3,1,438.25,60.72,West
3908,2023-06-28,259,8,2,314.99,55.47,South
3909,2024-12-06,85,17,2,805.61,183.15,West
3910,2023-10-24,33,12,5,4100.48,1150.73,South
3911,2024-04-01,134,6,5,5814.91,550.9,West
3912,2023-06-19,75,13,3,173.15,46.16,North
3913,2023-01-27,498,14,2,590.67,53.88,West
3914,2024-07-07,491,16,4,3791.78,391.51,East
3915,2023-02-26,352,6,4,4693.49,1057.75,South
3916,2024-10-07,37,5,1,1263.45,275.57,West
3917,2024-07-12,377,8,1,165.09,42.23,South
3918,2024-01-14,480,2,2,104.5,25.62,East
3919,2024-06-09,174,6,5,5491.8,1508.54,North
3920,2024-04-04,26,6,5,5958.21,1653.04,West
3921,2024-03-31,346,11,1,399.15,96.12,East
3922,2024-05-30,119,15,5,5321.08,1554.86,West
3923,2023-02-01,406,6,5,5827.59,1557.76,East
3924,2024-02-13,379,18,5,5187.08,762.01,East
3925,2023-06-14,183,13,2,111.7,20.03,South
3926,2024-06-18,51,10,3,172.0,48.84,North
3927,2024-03-26,287,10,5,324.16,52.59,North
3928,2024-07-06,275,12,1,726.18,187.8,East
3929,2024-07-07,465,11,3,920.73,169.73,South
3930,2024-11-13,310,7,4,4972.25,1319.49,North
3931,2024-01-25,394,18,2,1898.62,277.01,East
3932,2023-04-04,177,13,4,223.8,50.79,North
3933,2024-06-07,466,2,2,110.36,25.2,West
3934,2023-10-04,18,4,5,1948.32,413.0,North
3935,2024-07-27,274,16,4,3850.53,435.48,East
3936,2024-08-15,291,8,4,660.29,150.19,East
3937,2024-11-11,276,1,4,4199.96,582.83,West
3938,2023-12-30,474,14,5,1483.57,157.17,East
3939,2024-08-17,130,15,1,1004.8,158.77,North
3940,2024-05-21,491,11,1,392.81,86.93,East
3941,2024-05-14,499,10,2,107.19,29.65,East
3942,2024-07-25,32,14,5,1481.18,354.05,West
3943,2023-04-20,112,4,3,1165.16,211.19,South
3944,2023-07-06,323,13,4,195.75,17.61,South
3945,2024-03-07,202,17,5,1879.47,267.39,North
3946,2024-01-21,424,2,5,239.92,32.32,South
3947,2024-09-18,299,12,3,2354.84,326.01,East
3948,2023-11-16,467,7,5,6331.82,1124.96,North
3949,2024-07-28,442,1,2,1928.21,317.97,East
3950,2023-12-31,166,10,2,116.85,15.6,South
3951,2023-10-09,25,14,4,1302.0,139.98,South
3952,2024-08-10,259,2,5,280.79,70.56,South
3953,2024-07-01,120,2,3,144.65,33.74,East
3954,2024-09-20,18,7,2,2443.85,429.87,North
3955,2024-02-09,455,17,3,1059.91,315.78,South
3956,2024-03-31,163,13,5,267.66,25.43,West
3957,2024-09-30,150,11,1,386.1,38.46,West
3958,2023-08-08,140,1,1,1154.93,121.09,East
3959,2024-01-02,108,3,2,922.16,274.04,South
3960,2023-07-29,292,1,2,2145.82,222.63,East
3961,2024-05-01,252,15,2,2183.46,604.33,West
3962,2023-07-11,184,10,3,194.91,17.47,South
3963,2023-11-25,492,11,3,1074.69,108.29,East
3964,2024-12-18,395,3,3,1141.72,132.93,North
3965,2023-11-06,475,15,3,3077.86,423.76,South
3966,2023-04-10,412,15,5,5031.92,1122.43,North
3967,2024-12-14,99,2,2,93.29,8.04,West
3968,2024-03-02,181,12,5,3893.56,365.6,North
3969,2023-03-08,204,7,4,6063.08,654.15,North
3970,2024-08-31,328,1,3,3065.8,753.15,East
3971,2024-07-13,341,1,1,1022.74,286.02,North
3972,2024-02-15,224,5,1,1149.99,231.44,South
3973,2023-10-06,146,15,1,903.87,126.17,South
3974,2023-04-18,393,14,5,1739.89,460.62,South
3975,2023-07-09,361,4,5,2013.92,438.73,East
3976,2024-07-13,312,10,3,167.55,37.85,East
3977,2023-09-12,81,7,5,7431.14,1545.6,South
3978,2024-07-16,455,16,5,4241.74,1207.49,South
3979,2024-08-03,392,6,4,4047.48,1118.54,East
3980,2023-12-02,48,10,1,54.51,7.49,East
3981,2024-11-06,139,17,3,928.86,99.67,West
3982,2024-09-05,345,7,2,2956.9,274.66,West
3983,2024-01-05,443,12,4,2972.32,845.1,South
3984,2023-12-26,90,12,1,712.64,131.4,West
3985,2024-11-30,353,8,4,624.28,81.13,East
3986,2024-07-04,481,7,5,7539.28,1524.09,South
3987,2023-08-01,60,7,4,5498.7,740.57,North
3988,2023-04-13,466,17,2,713.74,97.91,West
3989,2024-09-05,376,5,3,3045.44,568.92,South
3990,2023-01-26,305,16,1,886.27,197.9,West
3991,2023-05-20,435,15,3,2904.51,853.0,North
3992,2023-07-03,75,1,3,2640.11,745.86,North
3993,2024-11-29,158,16,4,3812.43,963.83,North
3994,2024-09-20,355,14,5,1578.01,298.96,North
3995,2023-12-01,351,15,1,1112.12,153.1,South
3996,2023-11-15,201,12,1,758.73,205.11,West
3997,2024-03-29,312,10,4,218.03,60.25,East
3998,2024-04-06,420,3,5,2381.79,352.21,South
3999,2023-08-15,480,10,3,156.29,29.92,East
4000,2023-01-30,411,7,5,6881.21,917.63,North
4001,2023-09-22,453,15,3,3344.95,912.15,North
4002,2024-10-10,141,17,2,646.66,111.3,South
4003,2023-02-25,249,12,3,2134.48,467.83,West
4004,2024-09-14,70,1,5,4833.52,1370.68,East
4005,2024-12-12,500,17,1,399.24,69.31,West
4006,2023-05-02,463,1,2,1833.99,265.39,East
4007,2024-03-14,377,6,4,4844.16,897.33,South
4008,2023-11-15,175,2,4,192.93,47.85,North
4009,2023-03-10,444,3,5,2134.72,219.46,East
4010,2023-10-15,290,8,2,310.54,31.67,West
4011,2024-05-30,382,17,3,1162.19,157.2,West
4012,2024-10-16,430,16,5,4177.5,389.31,South
4013,2023-01-16,11,4,5,1597.29,334.69,East
4014,2024-05-07,300,14,4,1363.87,406.65,North
4015,2023-07-20,121,5,2,2574.31,303.86,East
4016,2024-01-02,365,5,5,5720.67,1446.36,South
4017,2023-10-07,134,12,1,788.8,235.64,West
4018,2023-09-27,143,6,4,4707.8,1038.03,West
4019,2023-03-19,442,7,4,5058.36,528.09,East
4020,2023-02-24,171,12,2,1466.7,198.4,South
4021,2023-12-17,395,12,4,2955.46,461.22,North
4022,2024-01-31,341,16,5,4767.04,939.6,North
4023,2024-07-21,404,11,4,1349.94,351.23,West
4024,2024-01-13,333,18,2,2122.38,612.43,West
4025,2023-11-14,79,15,2,1836.08,418.23,West
4026,2024-05-30,361,8,2,278.32,37.77,East
4027,2023-02-18,45,2,3,128.97,37.12,South
4028,2023-11-09,437,14,3,1006.87,143.73,South
4029,2023-12-13,55,8,4,626.22,169.94,North
4030,2023-04-25,403,3,1,395.44,48.47,South
4031,2023-10-20,27,7,4,6058.82,1304.17,West
4032,2024-11-29,100,2,4,223.5,53.94,West
4033,2024-04-06,485,16,1,847.87,212.12,East
4034,2023-09-06,258,17,2,744.17,165.14,East
4035,2024-05-16,276,3,2,798.37,97.53,West
4036,2024-07-05,474,16,5,4166.73,488.91,East
4037,2024-05-01,318,5,1,1114.08,92.22,South
4038,2023-03-04,400,3,5,2393.56,226.91,East
4039,2023-09-10,354,16,4,3774.47,513.65,West
4040,2023-02-03,379,6,2,2069.11,618.15,East
4041,2023-11-29,415,10,2,121.39,23.15,West
4042,2023-10-01,422,4,2,744.93,97.2,West
4043,2023-11-09,397,18,2,1604.71,431.22,North
4044,2024-06-11,324,13,1,45.61,12.4,West
4045,2024-04-30,100,17,4,1423.63,274.93,West
4046,2024-03-11,348,15,1,981.85,115.76,East
4047,2023-09-18,311,18,3,3130.33,908.46,West
4048,2023-09-26,489,10,3,167.81,43.91,West
4049,2024-07-01,358,12,2,1775.76,411.01,West
4050,2024-09-09,386,16,4,3570.14,639.32,North
4051,2023-04-20,473,9,5,2888.89,667.26,East
4052,2023-09-04,53,18,3,2912.04,311.98,South
4053,2024-04-12,46,16,5,4882.87,941.16,North
4054,2024-07-05,356,10,3,182.88,46.97,East
4055,2024-08-16,341,18,5,4562.93,953.61,North
4056,2023-06-08,177,16,5,4789.72,1188.59,North
4057,2023-03-04,357,2,5,234.42,69.57,East
4058,2024-08-15,203,17,4,1504.01,397.44,West
4059,2023-10-08,409,16,1,946.84,217.61,West
4060,2024-01-21,196,16,3,2391.33,617.56,South
4061,2024-07-07,43,10,5,305.81,50.12,South
4062,2023-06-29,53,6,3,2994.78,835.55,South
4063,2024-10-26,154,1,5,4659.3,833.53,North
4064,2023-08-30,98,8,5,677.8,172.38,West
4065,2023-04-26,237,4,2,819.18,184.39,East
4066,2023-01-31,121,11,4,1366.68,354.95,East
4067,2023-08-04,26,14,5,1830.0,354.58,West
4068,2023-02-20,443,18,5,4944.03,1001.41,South
4069,2023-06-21,179,3,2,792.32,71.19,East
4070,2023-01-16,277,2,1,45.17,5.36,South
4071,2023-01-17,246,5,1,1017.54,198.26,East
4072,2024-03-20,15,18,4,3601.13,323.99,West
4073,2024-06-04,104,8,1,160.8,33.98,West
4074,2024-11-23,217,14,5,1599.12,263.81,South
4075,2024-07-14,54,6,1,941.99,136.59,East
4076,2024-01-28,105,12,3,2607.24,374.21,West
4077,2024-07-20,484,9,2,1260.47,189.39,East
4078,2024-10-18,396,14,2,724.65,151.97,South
4079,2024-05-09,250,7,1,1316.46,332.1,South
4080,2024-10-18,209,9,5,3006.41,448.77,West
4081,2024-08-25,364,18,4,3533.99,808.51,South
4082,2023-02-05,50,6,1,917.57,221.44,East
4083,2024-04-13,382,13,1,57.0,9.63,West
4084,2023-01-04,228,11,2,678.94,176.14,West
4085,2024-08-25,105,8,3,424.38,111.82,West
4086,2023-01-21,97,10,3,191.09,17.22,West
4087,2024-11-15,298,1,4,3916.39,544.8,South
4088,2023-01-14,175,7,1,1569.04,261.18,North
4089,2023-11-03,169,10,3,189.35,44.68,South
4090,2023-10-16,171,17,2,609.55,108.71,South
4091,2023-04-13,266,2,3,144.6,37.59,West
4092,2023-10-03,128,11,5,1900.0,348.22,North
4093,2024-09-21,229,5,5,5008.02,1252.31,East
4094,2024-03-16,297,2,2,96.99,12.08,North
4095,2023-05-25,177,3,5,2127.03,509.71,North
4096,2024-09-28,336,10,5,277.87,45.97,North
4097,2023-01-16,437,7,4,5670.2,1127.16,South
4098,2024-07-22,151,12,5,4028.58,885.33,North
4099,2024-04-28,79,1,1,1019.3,234.51,West
4100,2024-09-21,262,13,4,182.66,15.84,West
4101,2024-03-15,382,12,5,3640.11,654.41,West
4102,2024-08-06,194,9,1,661.87,107.85,West
4103,2023-08-31,234,14,5,1436.33,412.97,North
4104,2024-03-17,272,2,2,110.08,27.31,East
4105,2024-04-10,344,1,3,3335.3,729.87,East
4106,2024-07-26,491,8,5,801.87,97.1,East
4107,2023-11-06,130,3,1,500.95,101.05,North
4108,2024-08-08,271,4,1,346.2,38.3,East
4109,2024-04-17,228,5,1,1116.6,214.73,West
4110,2024-04-16,263,4,1,358.34,51.59,East
4111,2024-11-18,435,13,1,55.7,10.44,North
4112,2024-09-08,328,17,4,1293.54,124.72,East
4113,2024-11-20,226,14,5,1744.47,387.09,North
4114,2023-10-15,500,12,2,1415.44,335.19,West
4115,2023-05-22,171,14,4,1262.72,150.2,South
4116,2024-09-09,74,7,2,3168.65,486.51,West
4117,2023-03-18,411,5,5,5729.29,1480.77,North
4118,2024-01-11,346,4,3,1007.1,109.79,East
4119,2023-12-21,325,5,5,6114.2,990.66,South
4120,2023-11-23,303,11,1,346.02,66.19,South
4121,2024-08-14,290,17,1,318.99,84.79,West
4122,2024-05-23,478,14,3,1055.85,249.46,West
4123,2023-02-20,404,12,1,701.19,117.69,West
4124,2024-02-24,341,2,3,139.33,12.77,North
4125,2023-08-05,483,3,2,963.99,136.17,West
4126,2023-07-01,262,5,4,4654.95,1314.09,West
4127,2023-12-02,273,1,5,5613.93,1542.74,East
4128,2023-01-06,367,4,3,942.98,176.15,East
4129,2023-07-07,153,12,5,3617.58,497.78,East
4130,2023-09-04,328,7,4,4966.45,1483.04,East
4131,2024-02-03,42,6,1,1204.09,239.97,East
4132,2023-01-07,429,4,3,1073.41,99.79,West
4133,2024-07-29,364,1,3,3155.25,775.16,South
4134,2023-04-04,2,13,1,46.31,7.49,North
4135,2024-09-17,412,6,1,970.83,176.73,North
4136,2024-11-03,97,4,1,317.18,38.35,West
4137,2023-02-14,178,12,1,856.95,111.43,West
4138,2023-02-24,387,18,4,4071.51,447.69,West
4139,2023-02-03,327,18,1,922.39,238.09,North
4140,2023-11-18,430,2,5,260.96,21.14,South
4141,2023-09-20,48,2,4,221.57,58.18,East
4142,2024-05-31,235,17,1,362.9,53.96,North
4143,2024-12-16,366,18,3,2631.82,679.96,West
4144,2024-08-04,210,7,2,2830.24,483.7,East
4145,2024-08-09,417,11,5,1618.41,434.77,South
4146,2023-05-15,16,6,3,3294.81,465.84,South
4147,2023-04-29,415,18,4,3637.38,877.32,West
4148,2024-06-11,258,7,5,7886.82,2326.84,East
4149,2023-11-15,242,8,2,319.07,31.33,North
4150,2023-02-06,165,9,1,624.19,56.17,West
4151,2024-07-28,314,9,3,2106.04,355.34,North
4152,2023-03-12,61,15,2,2035.87,295.79,East
4153,2024-03-24,273,10,3,159.42,39.55,East
4154,2023-12-12,16,15,2,2272.48,257.48,South
4155,2023-03-03,137,4,5,1750.05,245.12,South
4156,2024-03-21,435,10,5,247.98,43.26,North
4157,2024-08-25,380,4,2,729.27,217.13,West
4158,2023-11-03,279,12,3,2699.31,514.88,North
4159,2023-11-07,294,2,5,281.33,42.18,North
4160,2024-01-27,151,1,2,2265.04,578.75,North
4161,2024-02-20,170,10,3,191.68,38.11,East
4162,2023-12-09,414,12,3,2096.49,544.22,West
4163,2024-12-22,304,8,3,383.05,60.99,North
4164,2023-12-10,147,12,5,3836.77,614.38,South
4165,2023-06-13,441,7,4,5152.73,619.41,West
4166,2024-08-31,451,4,1,311.82,89.22,East
4167,2023-04-20,346,15,3,2678.92,584.99,East
4168,2023-01-29,361,18,3,2929.97,621.21,East
4169,2023-04-13,148,5,2,2625.09,785.67,West
4170,2024-06-03,266,11,4,1588.09,160.15,West
4171,2023-05-26,372,2,1,47.2,6.84,South
4172,2024-11-29,343,7,4,5446.97,1258.7,East
4173,2023-06-22,173,2,2,103.06,17.45,West
4174,2024-01-15,423,15,5,5751.67,858.89,West
4175,2024-12-16,210,15,3,3469.6,798.6,East
4176,2023-03-26,473,3,1,461.79,55.46,East
4177,2024-08-02,207,9,3,1929.78,562.79,West
4178,2023-06-11,485,12,1,883.52,218.32,East
4179,2023-03-22,127,12,1,759.82,117.16,West
4180,2023-12-22,161,6,2,2423.47,542.93,South
4181,2023-09-23,462,15,5,5048.41,1393.01,South
4182,2023-02-02,447,12,3,2360.86,211.63,East
4183,2023-04-13,262,9,4,2885.45,677.85,West
4184,2024-04-19,59,18,2,1915.42,174.1,South
4185,2024-12-26,78,7,3,4512.07,1030.09,South
4186,2023-08-25,241,11,1,369.32,96.92,South
4187,2023-01-10,260,6,1,1216.61,174.37,North
4188,2023-08-10,241,5,5,6593.94,1648.68,South
4189,2023-07-28,491,7,1,1482.67,307.47,East
4190,2023-10-12,101,11,1,337.27,96.56,West
4191,2024-03-14,365,11,2,613.57,131.64,South
4192,2023-03-07,200,6,3,2815.35,410.97,East
4193,2023-04-07,7,1,5,5712.11,1701.68,West
4194,2024-09-22,397,12,3,2483.45,293.89,North
4195,2024-01-03,433,11,5,1685.28,412.91,North
4196,2024-12-03,354,17,3,1086.58,121.95,West
4197,2024-02-02,160,14,3,846.41,78.76,West
4198,2024-08-06,299,16,4,3886.79,322.1,East
4199,2024-02-12,431,13,1,53.08,15.26,West
4200,2023-03-02,25,6,5,4694.81,775.15,South
4201,2024-05-03,433,12,4,2987.31,750.49,North
4202,2024-05-05,61,11,2,705.31,164.17,East
4203,2023-08-12,468,17,2,743.71,152.8,East
4204,2023-11-11,126,3,3,1352.96,394.93,East
4205,2023-08-19,195,16,3,2234.47,371.77,North
4206,2024-01-22,55,8,4,629.4,167.57,North
4207,2023-12-02,128,9,3,1729.01,199.44,North
4208,2023-01-12,370,8,3,385.91,48.92,South
4209,2023-11-17,427,13,4,193.51,53.75,West
4210,2023-10-20,329,15,2,1823.08,361.32,South
4211,2024-08-19,10,9,2,1173.02,142.04,South
4212,2024-12-20,500,2,5,267.96,34.34,West
4213,2023-11-12,11,10,2,108.72,10.98,East
4214,2023-02-02,358,10,1,58.28,12.91,West
4215,2024-11-24,335,18,4,3246.27,434.17,South
4216,2024-07-23,53,10,5,319.34,61.41,South
4217,2023-01-15,108,18,2,1679.12,467.85,South
4218,2024-01-29,148,9,1,650.01,83.45,West
4219,2024-09-23,484,18,2,2092.61,297.05,East
4220,2024-04-12,479,8,3,418.71,114.23,South
4221,2024-07-23,65,16,5,4672.79,932.07,North
4222,2024-08-02,80,8,3,484.85,48.15,West
4223,2024-08-30,472,5,5,6263.78,930.61,South
4224,2023-02-17,379,18,4,3442.93,914.08,East
4225,2024-11-18,183,9,4,2915.44,348.16,South
4226,2024-12-11,183,9,1,601.9,97.15,South
4227,2023-07-11,447,9,5,2948.44,535.52,East
4228,2023-01-26,172,10,4,241.2,25.99,East
4229,2023-04-28,9,2,4,175.32,27.3,South
4230,2023-08-20,259,14,2,682.44,137.28,South
4231,2023-07-13,228,17,2,696.84,202.53,West
4232,2024-10-24,156,2,1,53.82,12.9,West
4233,2023-03-11,21,7,2,2694.16,755.13,South
4234,2024-06-18,133,15,1,1048.63,196.66,South
4235,2024-12-03,406,7,1,1352.49,136.31,East
4236,2023-04-25,418,9,1,671.19,84.92,West
4237,2023-12-07,177,5,3,3538.19,346.54,North
4238,2023-11-17,80,18,5,4753.93,865.33,West
4239,2023-06-21,72,6,4,4526.02,455.88,North
4240,2024-06-13,147,9,5,2916.56,265.63,South
4241,2023-08-31,481,18,3,2780.25,690.7,South
4242,2023-08-10,27,4,5,1576.13,465.59,West
4243,2023-06-08,103,7,5,7048.71,1466.23,East
4244,2024-06-05,249,1,2,1892.45,551.68,West
4245,2023-02-24,350,12,3,2511.44,750.91,East
4246,2023-06-22,378,7,2,2991.34,553.07,East
4247,2023-02-25,309,2,1,45.06,5.72,East
4248,2024-07-03,319,9,3,1797.65,510.27,North
4249,2023-05-19,25,2,2,103.88,11.86,South
4250,2023-04-01,481,2,3,139.43,26.1,South
4251,2024-11-01,52,13,3,143.18,15.6,East
4252,2023-04-23,9,6,5,4683.13,1378.09,South
4253,2024-08-14,218,5,3,3590.22,442.25,North
4254,2024-11-20,166,14,1,287.27,62.63,South
4255,2023-05-11,106,2,1,43.06,5.41,South
4256,2023-10-11,198,9,1,754.34,175.83,North
4257,2023-05-15,1,11,2,630.69,111.35,East
4258,2023-05-11,347,10,3,180.93,18.58,West
4259,2023-07-18,290,11,3,919.1,230.61,West
4260,2024-05-30,185,4,2,635.87,97.8,West
4261,2024-02-21,357,3,1,409.73,50.54,East
4262,2023-12-19,270,10,1,60.63,12.79,East
4263,2024-04-12,332,5,4,4597.14,770.18,East
4264,2023-04-09,84,6,5,5515.67,713.36,West
4265,2024-12-01,390,7,1,1214.62,140.43,West
4266,2023-04-02,490,2,5,242.19,66.45,South
4267,2024-04-25,389,17,1,334.93,90.55,North
4268,2023-06-12,73,15,1,1051.33,305.17,East
4269,2023-05-03,320,6,2,2409.73,208.24,East
4270,2024-07-08,486,2,2,108.38,10.27,East
4271,2024-02-06,191,2,4,179.37,36.74,North
4272,2023-05-02,95,18,2,1822.09,151.38,East
4273,2024-01-11,112,17,1,345.82,94.98,South
4274,2024-02-07,479,12,4,3168.35,778.44,South
4275,2024-01-28,298,1,1,934.02,155.68,South
4276,2023-03-28,352,11,2,719.29,184.8,South
4277,2024-01-06,185,7,3,3689.11,766.84,West
4278,2023-11-04,454,7,3,4407.03,780.11,North
4279,2024-02-05,168,10,4,259.79,59.93,North
4280,2023-07-13,343,14,5,1707.74,349.85,East
4281,2023-01-09,403,12,3,2267.63,482.99,South
4282,2024-04-09,80,3,2,803.42,213.9,West
4283,2023-05-18,277,15,4,4031.31,1062.19,South
4284,2023-10-30,103,4,1,407.87,55.58,East
4285,2024-11-12,7,14,4,1153.09,302.48,West
4286,2024-11-01,181,3,3,1343.04,202.16,North
4287,2023-04-14,443,12,2,1684.28,449.76,South
4288,2024-06-30,490,11,1,376.23,108.66,South
4289,2024-12-04,92,15,5,5308.96,1288.9,East
4290,2023-06-01,339,15,4,4272.72,1022.71,South
4291,2024-11-04,433,4,1,370.07,85.19,North
4292,2023-08-14,236,8,3,402.0,62.13,East
4293,2023-05-18,430,10,2,121.43,35.42,South
4294,2024-04-16,306,8,3,499.09,60.42,North
4295,2024-11-13,443,8,3,383.99,75.63,South
4296,2023-09-09,250,17,2,662.18,82.45,South
4297,2024-12-07,271,18,1,863.38,84.02,East
4298,2024-11-15,372,17,3,1074.98,181.94,South
4299,2023-10-01,414,2,3,143.36,26.19,West
4300,2024-12-07,416,8,4,596.74,83.0,South
4301,2024-04-09,46,10,3,166.53,39.41,North
4302,2024-10-12,410,12,3,2290.43,283.7,West
4303,2024-03-23,413,16,2,1662.36,305.68,North
4304,2024-02-07,187,4,3,1044.18,250.8,West
4305,2024-01-27,9,11,5,1995.62,187.56,South
4306,2023-10-15,290,18,2,1665.8,198.16,West
4307,2024-01-14,485,2,3,128.57,30.02,East
4308,2024-08-09,487,11,1,335.64,88.79,East
4309,2023-11-10,87,8,5,734.27,190.36,West
4310,2024-02-13,463,13,2,106.89,16.15,East
4311,2024-08-12,237,10,3,165.55,24.25,East
4312,2023-07-06,334,14,4,1144.04,323.74,West
4313,2024-04-09,370,18,1,1031.01,145.13,South
4314,2024-01-12,372,11,2,760.91,159.39,South
4315,2023-09-30,242,17,1,323.05,34.55,North
4316,2023-02-23,498,7,3,4818.88,1396.53,West
4317,2024-08-20,317,5,5,5307.61,1350.15,East
4318,2024-03-01,302,17,2,775.06,113.33,East
4319,2023-11-13,345,1,3,2784.41,718.69,West
4320,2024-08-03,204,10,4,222.78,50.06,North
4321,2023-08-20,258,8,4,519.8,145.36,East
4322,2023-01-31,489,11,1,356.0,82.23,West
4323,2024-05-22,411,7,1,1583.17,412.94,North
4324,2023-05-26,467,11,2,792.13,77.21,North
4325,2024-04-02,46,16,5,3812.72,1087.22,North
4326,2023-11-22,326,6,3,2892.71,462.27,South
4327,2023-06-30,145,1,3,2974.56,830.75,East
4328,2023-09-23,421,9,4,2503.85,575.04,South
4329,2023-02-19,215,13,4,185.03,22.7,South
4330,2024-10-25,365,10,2,128.4,29.39,South
4331,2024-02-25,441,2,5,269.2,73.38,West
4332,2023-08-16,432,9,2,1496.36,272.06,West
4333,2024-08-14,148,14,2,630.3,144.99,West
4334,2023-07-12,362,17,4,1297.65,104.78,South
4335,2023-03-05,165,9,3,2095.53,189.14,West
4336,2023-06-06,131,5,3,3800.73,1083.72,South
4337,2023-01-26,262,5,1,1304.75,209.87,West
4338,2024-11-05,384,13,5,296.06,26.05,South
4339,2024-05-10,456,8,2,322.87,38.49,East
4340,2023-03-09,412,5,2,2198.64,330.57,North
4341,2023-05-03,182,14,2,629.46,134.03,East
4342,2024-08-10,204,14,2,678.5,72.7,North
4343,2024-02-12,89,1,2,2038.58,444.53,West
4344,2024-05-21,349,5,1,1326.63,371.26,West
4345,2023-05-05,171,2,2,90.7,19.68,South
4346,2024-12-27,252,5,3,3143.47,787.83,West
4347,2023-01-28,110,6,2,2200.05,266.27,South
4348,2023-09-10,420,15,4,3925.81,935.17,South
4349,2023-12-27,308,8,5,801.08,215.62,West
4350,2023-08-29,216,3,2,792.99,89.74,North
4351,2023-08-21,86,4,4,1520.77,185.26,North
4352,2024-09-09,140,5,5,5992.8,481.3,East
4353,2024-04-30,145,2,3,157.03,41.18,East
4354,2023-12-29,500,15,2,1893.36,245.87,West
4355,2023-03-31,359,14,4,1289.01,378.76,East
4356,2024-02-11,206,3,4,1557.41,141.37,West
4357,2023-02-16,195,10,4,229.23,37.96,North
4358,2023-05-04,207,3,4,1896.35,488.36,West
4359,2024-01-26,33,5,2,2018.84,167.8,South
4360,2023-06-09,494,11,1,342.13,54.03,West
4361,2023-08-16,378,2,5,276.03,55.98,East
4362,2024-10-09,10,18,5,5277.32,1241.96,South
4363,2024-11-13,115,2,4,215.2,47.06,North
4364,2024-06-30,115,17,3,1175.67,295.63,North
4365,2023-07-25,88,7,4,5342.9,1313.42,West
4366,2023-05-29,257,18,2,1710.21,501.72,South
4367,2024-12-08,149,13,2,118.37,13.16,East
4368,2024-12-30,152,3,2,883.66,194.09,East
4369,2023-10-27,483,15,5,4774.87,543.73,West
4370,2024-11-17,425,4,5,1982.54,405.5,East
4371,2023-07-02,361,4,2,767.57,121.14,East
4372,2024-01-22,322,11,1,320.63,88.32,South
4373,2023-08-05,2,16,3,2494.18,226.59,North
4374,2023-09-06,355,7,4,6160.66,1354.08,North
4375,2023-09-08,102,17,4,1245.53,277.14,West
4376,2023-02-26,460,18,5,4357.76,1004.06,North
4377,2023-10-10,385,4,4,1276.26,168.45,North
4378,2024-11-16,87,1,4,3830.11,1028.35,West
4379,2023-05-05,229,17,3,1112.82,168.34,East
4380,2024-11-06,360,12,1,703.1,176.09,East
4381,2024-02-15,180,11,2,737.57,141.55,North
4382,2024-11-10,289,1,3,2945.41,605.58,West
4383,2024-11-03,438,6,4,4112.27,386.21,South
4384,2024-05-02,92,16,3,2252.61,338.01,East
4385,2023-03-16,3,4,5,1952.34,558.55,East
4386,2024-01-13,390,6,1,942.87,278.16,West
4387,2023-03-15,214,18,3,2459.56,611.48,East
4388,2023-12-04,208,10,3,167.85,14.05,East
4389,2024-08-13,486,15,1,1092.08,229.7,East
4390,2024-08-28,113,7,2,2668.82,534.74,North
4391,2023-07-09,195,12,3,2101.38,539.54,North
4392,2023-01-19,164,10,2,106.2,18.65,North
4393,2024-11-13,196,9,2,1155.3,250.71,South
4394,2023-04-09,37,16,4,3093.16,697.69,West
4395,2023-11-11,301,15,2,1804.02,224.41,West
4396,2024-03-16,16,16,2,1926.31,416.98,South
4397,2024-06-28,349,12,4,3265.43,587.32,West
4398,2024-08-02,94,9,1,757.75,139.73,South
4399,2023-06-18,262,5,1,1138.24,314.73,West
4400,2023-03-23,163,6,2,2320.39,688.51,West
4401,2023-05-16,78,11,2,692.6,114.74,South
4402,2024-04-16,462,6,1,1209.46,281.8,South
4403,2024-07-01,488,7,5,7275.96,1620.54,West
4404,2023-12-27,16,6,4,3955.69,871.16,South
4405,2024-10-08,316,7,2,2961.25,823.3,West
4406,2023-07-27,116,14,3,858.71,86.02,West
4407,2023-12-03,499,12,4,3029.43,262.93,East
4408,2024-11-19,257,5,5,6187.4,1282.08,South
4409,2023-07-06,409,17,3,984.87,110.15,West
4410,2023-05-04,315,5,2,2382.61,375.1,West
4411,2023-12-24,495,6,1,1065.01,173.8,North
4412,2024-07-30,31,16,3,2692.8,689.08,East
4413,2024-05-06,402,3,3,1136.04,103.37,West
4414,2024-03-06,324,7,2,3188.86,580.82,West
4415,2023-11-13,137,7,3,4272.9,1058.63,South
4416,2024-02-15,207,3,4,1661.23,296.57,West
4417,2023-11-13,64,9,4,2977.29,296.5,South
4418,2024-01-30,465,14,2,714.93,124.3,South
4419,2023-09-21,122,11,1,388.61,33.91,North
4420,2023-09-08,344,17,4,1361.83,318.38,East
4421,2023-07-23,385,7,4,4882.15,1184.44,North
4422,2024-08-01,132,12,3,2353.0,284.77,East
4423,2024-03-27,398,16,4,3037.05,832.76,West
4424,2024-10-27,177,1,5,4849.51,995.35,North
4425,2023-08-17,260,13,4,197.43,17.95,North
4426,2024-08-30,202,4,3,1068.63,87.36,North
4427,2023-12-25,232,8,3,390.59,76.71,East
4428,2024-02-28,304,12,4,3364.21,584.85,North
4429,2023-03-22,278,1,2,2225.87,478.78,South
4430,2024-09-27,378,5,5,6394.79,1694.04,East
4431,2024-09-18,37,1,3,2940.36,832.04,West
4432,2024-11-04,1,16,4,3387.75,493.52,East
4433,2023-09-26,104,2,3,164.84,47.35,West
4434,2023-08-15,73,8,3,415.36,56.75,East
4435,2023-11-09,112,7,1,1451.31,242.39,South
4436,2024-08-26,426,9,5,3108.28,664.06,West
4437,2023-10-10,315,4,3,1103.27,157.46,West
4438,2023-10-04,176,9,5,3714.2,512.69,West
4439,2024-11-23,301,15,5,5630.44,1317.04,West
4440,2023-05-30,13,1,2,1862.65,392.14,South
4441,2024-03-06,219,13,5,232.46,55.57,North
4442,2024-08-12,496,3,2,924.13,182.33,North
4443,2024-08-19,285,18,5,5139.09,715.95,South
4444,2023-06-11,96,4,2,637.94,52.15,West
4445,2024-04-01,348,14,5,1437.52,333.62,East
4446,2024-05-05,309,12,1,861.03,159.6,East
4447,2024-06-15,40,10,3,163.91,23.46,West
4448,2024-01-15,246,10,4,217.82,55.78,East
4449,2023-05-09,13,10,2,99.14,8.15,South
4450,2023-10-12,118,9,3,2050.11,546.59,South
4451,2023-03-07,415,11,4,1268.56,271.99,West
4452,2023-02-25,82,10,5,311.95,34.66,East
4453,2023-04-20,84,17,3,955.38,100.56,West
4454,2023-12-08,361,17,4,1567.13,423.36,East
4455,2024-12-24,495,18,5,4788.47,583.57,North
4456,2023-12-12,497,14,5,1666.72,441.19,North
4457,2024-07-22,311,5,1,1308.85,384.26,West
4458,2024-08-10,236,14,1,331.64,95.43,East
4459,2024-12-23,128,9,3,1931.59,281.31,North
4460,2024-12-13,343,1,3,2882.98,476.66,East
4461,2023-03-16,215,1,1,930.83,185.47,South
4462,2023-02-19,395,4,3,1197.84,173.99,North
4463,2023-07-15,392,3,2,964.38,110.58,East
4464,2023-02-04,41,1,2,2228.56,273.84,North
4465,2023-10-27,50,11,4,1282.55,217.32,East
4466,2023-01-20,444,2,1,46.82,10.58,East
4467,2024-03-01,314,7,5,7040.5,1636.86,North
4468,2024-07-07,18,7,4,6157.57,536.86,North
4469,2024-12-28,302,1,3,3212.76,356.59,East
4470,2024-01-26,93,7,3,4524.24,1316.73,North
4471,2024-10-31,324,4,2,635.08,143.39,West
4472,2024-03-24,388,15,4,4565.99,429.98,East
4473,2023-07-12,16,2,3,169.9,24.88,South
4474,2023-03-01,471,2,3,134.23,26.58,East
4475,2023-02-18,180,14,3,871.96,226.11,North
4476,2023-10-15,322,15,5,5021.95,775.56,South
4477,2023-12-11,52,7,4,5994.66,1473.82,East
4478,2023-07-23,346,4,2,657.97,127.95,East
4479,2024-09-30,147,7,2,3048.26,250.11,South
4480,2023-05-18,464,18,1,887.17,182.93,South
4481,2023-08-09,380,17,1,325.37,26.74,West
4482,2023-08-13,75,12,1,731.84,124.28,North
4483,2023-03-11,48,2,4,211.81,22.67,East
4484,2024-04-12,415,13,4,200.05,51.91,West
4485,2024-03-13,20,16,4,3099.11,574.1,South
4486,2023-12-22,331,14,5,1723.18,257.34,West
4487,2023-06-27,437,7,1,1317.11,212.64,South
4488,2023-03-22,495,18,1,1050.04,123.98,North
4489,2024-08-18,442,5,2,2362.71,323.29,East
4490,2023-06-24,86,9,4,2479.27,316.58,North
4491,2023-02-17,372,3,2,787.62,114.3,South
4492,2024-08-18,387,9,1,729.89,186.4,West
4493,2023-04-04,500,3,1,435.01,50.4,West
4494,2024-11-08,449,6,2,2319.89,334.96,North
4495,2023-03-01,442,10,3,168.39,46.02,East
4496,2023-09-23,486,13,4,217.61,43.57,East
4497,2024-05-02,290,5,1,1209.94,280.73,West
4498,2023-09-24,224,16,3,2525.5,547.8,South
4499,2023-07-07,306,1,5,5669.14,515.95,North
4500,2024-10-17,449,4,3,1091.96,216.32,North
4501,2023-06-07,180,17,4,1538.76,281.92,North
4502,2023-12-14,57,16,2,1728.97,492.5,East
4503,2023-06-09,329,9,2,1270.93,112.89,South
4504,2024-12-05,277,6,5,5106.53,851.38,South
4505,2023-10-16,211,7,5,7458.73,2097.91,North
4506,2023-09-11,314,2,2,98.85,21.55,North
4507,2024-08-10,471,3,4,1898.84,183.78,East
4508,2023-04-13,62,9,2,1199.4,118.63,East
4509,2023-05-03,151,15,1,1036.32,303.15,North
4510,2023-08-30,160,13,1,54.94,16.27,West
4511,2024-03-01,102,16,5,4694.22,1142.59,West
4512,2024-11-16,194,12,1,896.42,264.19,West
4513,2024-04-10,410,7,1,1548.98,417.99,West
4514,2023-10-26,496,11,4,1488.23,380.31,North
4515,2024-09-04,70,10,2,102.85,10.57,East
4516,2024-09-24,256,18,5,4331.47,684.77,West
4517,2023-11-22,364,13,5,277.56,77.0,South
4518,2024-05-20,392,1,1,895.94,106.27,East
4519,2024-02-02,18,1,4,4330.57,584.41,North
4520,2024-04-10,193,16,5,3922.95,332.36,South
4521,2023-06-03,492,1,3,2724.49,443.14,East
4522,2024-11-26,384,2,4,188.35,48.67,South
4523,2024-10-23,165,5,5,5618.37,1633.74,West
4524,2023-01-02,290,18,2,1967.31,510.75,West
4525,2023-10-24,168,3,2,829.78,147.22,North
4526,2023-11-09,32,7,1,1407.2,273.12,West
4527,2024-09-05,46,15,5,5253.79,802.41,North
4528,2024-04-20,113,14,3,832.67,97.06,North
4529,2024-09-20,294,15,3,3242.97,805.91,North
4530,2023-03-15,400,9,3,2076.2,565.74,East
4531,2024-11-29,159,9,2,1321.33,180.52,West
4532,2024-02-11,90,1,2,1979.69,444.93,West
4533,2024-09-04,136,2,2,106.1,18.15,West
4534,2023-07-09,91,3,3,1304.34,247.25,West
4535,2023-06-24,113,15,3,2782.39,442.16,North
4536,2023-01-18,114,15,2,2006.57,551.57,North
4537,2024-07-09,384,13,3,137.49,35.49,South
4538,2023-01-29,302,1,2,2110.8,434.81,East
4539,2023-06-04,308,15,2,2108.81,223.0,West
4540,2024-02-25,365,8,3,404.18,45.82,South
4541,2023-11-20,17,12,3,2580.17,604.4,West
4542,2023-08-27,132,17,4,1395.49,253.87,East
4543,2024-10-23,185,11,2,686.7,179.82,West
4544,2024-11-11,193,10,3,184.28,22.04,South
4545,2024-01-22,225,12,4,2816.31,636.24,West
4546,2024-06-10,338,8,5,633.6,143.92,North
4547,2023-04-10,228,16,3,2363.2,565.39,West
4548,2024-11-01,401,8,2,296.24,79.18,North
4549,2023-10-07,251,11,1,360.0,96.25,West
4550,2024-12-22,165,6,2,2355.61,221.74,West
4551,2023-07-01,48,11,1,387.87,39.08,East
4552,2023-03-20,241,14,2,619.67,89.94,South
4553,2024-12-29,402,18,1,898.44,102.25,West
4554,2024-07-10,371,2,4,193.83,36.81,South
4555,2023-11-02,317,5,4,5173.89,532.27,East
4556,2023-04-23,312,17,5,1792.57,246.79,East
4557,2023-03-01,177,5,5,5629.93,1675.13,North
4558,2024-11-20,371,2,2,85.11,21.69,South
4559,2024-08-06,382,9,2,1505.22,423.61,West
4560,2024-03-28,221,7,4,5847.52,1085.87,West
4561,2024-06-17,311,11,3,1005.48,243.41,West
4562,2024-10-15,212,7,4,5467.32,1574.92,North
4563,2023-11-15,314,10,4,246.44,26.15,North
4564,2023-05-13,381,5,4,4275.72,961.48,East
4565,2024-09-17,215,17,1,318.92,90.78,South
4566,2023-07-03,302,2,2,87.22,10.49,East
4567,2024-12-07,55,9,3,1761.15,251.05,North
4568,2023-09-17,404,10,5,288.2,73.52,West
4569,2023-10-16,121,3,1,470.09,134.58,East
4570,2024-12-17,174,2,5,274.11,27.36,North
4571,2024-04-02,428,10,5,257.32,63.63,East
4572,2024-09-16,272,15,5,5274.27,1133.19,East
4573,2024-12-08,228,4,5,1812.34,404.82,West
4574,2024-12-16,80,11,5,1611.27,389.57,West
4575,2023-02-28,328,2,1,45.65,7.99,East
4576,2023-01-22,97,16,4,3686.49,899.24,West
4577,2023-03-05,208,11,1,302.74,86.58,East
4578,2024-07-06,134,17,2,677.6,135.3,West
4579,2023-04-09,34,7,2,2413.92,528.64,North
4580,2023-07-03,41,12,3,2245.56,617.5,North
4581,2024-07-17,493,6,2,2266.56,647.71,West
4582,2024-12-06,422,9,5,3029.01,520.82,West
4583,2023-06-25,412,9,5,3506.23,715.98,North
4584,2023-03-05,206,13,5,227.36,38.1,West
4585,2023-06-17,147,14,4,1404.91,346.15,South
4586,2023-08-21,342,10,2,103.71,20.98,South
4587,2024-05-28,216,11,2,727.16,119.82,North
4588,2023-08-08,466,4,2,784.07,133.02,West
4589,2024-06-01,275,2,1,47.31,4.97,East
4590,2024-02-17,451,10,5,259.25,46.68,East
4591,2024-03-20,385,18,2,1892.61,553.26,North
4592,2023-01-01,332,9,1,761.25,92.7,East
4593,2023-06-10,167,11,5,1612.26,209.0,North
4594,2023-06-06,192,15,5,4547.99,904.7,South
4595,2023-08-18,89,14,5,1538.7,186.34,West
4596,2023-03-06,460,10,5,287.91,43.64,North
4597,2024-02-20,150,15,1,1160.1,215.9,West
4598,2023-04-08,353,18,4,3890.17,672.8,East
4599,2024-08-18,381,11,3,957.06,210.22,East
4600,2024-06-19,456,1,5,4477.44,1002.6,East
4601,2023-09-11,467,18,3,3013.28,652.85,North
4602,2024-09-13,460,16,4,3397.58,578.08,North
4603,2024-05-30,257,1,4,4268.6,672.37,South
4604,2024-03-05,225,8,5,749.24,147.83,West
4605,2024-07-08,285,6,2,2256.17,354.19,South
4606,2023-07-02,499,16,4,3683.46,308.16,East
4607,2024-12-19,277,7,2,2724.87,438.98,South
4608,2024-06-30,284,12,4,3098.74,364.35,West
4609,2024-08-11,65,6,3,3509.49,387.59,North
4610,2023-07-29,281,9,4,2535.26,485.73,West
4611,2023-06-16,29,7,5,6717.03,867.66,North
4612,2024-11-18,22,1,3,2976.48,654.89,East
4613,2023-11-02,321,16,4,3833.55,795.28,West
4614,2023-01-24,227,5,5,5722.27,1247.62,West
4615,2024-09-24,412,11,2,687.39,144.25,North
4616,2023-03-06,399,8,3,472.76,97.53,West
4617,2024-05-11,3,16,4,2980.35,240.95,East
4618,2024-04-13,345,3,5,2082.36,477.98,West
4619,2024-07-26,289,13,3,149.45,32.27,West
4620,2023-10-19,128,10,5,277.9,26.83,North
4621,2023-07-18,420,17,5,1930.61,495.08,South
4622,2023-04-26,33,18,3,2726.06,363.54,South
4623,2024-06-15,473,3,4,1986.64,309.0,East
4624,2024-08-18,249,9,4,2710.3,534.76,West
4625,2023-10-27,305,7,4,6069.51,1198.21,West
4626,2023-10-24,448,14,3,914.04,232.45,South
4627,2024-11-09,110,3,2,916.82,235.96,South
4628,2023-12-01,36,2,1,56.23,5.96,East
4629,2023-06-17,148,18,1,905.36,263.88,West
4630,2024-02-11,153,6,1,1038.71,209.44,East
4631,2023-01-19,456,4,1,394.64,47.12,East
4632,2023-09-16,144,6,5,5129.95,528.19,East
4633,2023-01-01,368,14,2,653.51,129.86,North
4634,2023-07-14,207,1,5,5595.89,1438.09,West
4635,2024-05-09,71,14,3,911.03,236.19,North
4636,2023-08-31,58,1,5,5226.08,1265.32,North
4637,2023-04-19,339,5,3,3541.27,607.39,South
4638,2023-01-15,276,18,2,1678.01,488.68,West
4639,2023-01-14,229,12,3,2092.49,265.39,East
4640,2024-02-04,182,12,3,2581.77,435.61,East
4641,2024-09-02,137,14,5,1541.71,192.29,South
4642,2024-02-01,366,8,3,413.53,83.84,West
4643,2023-07-16,1,14,5,1757.44,519.02,East
4644,2024-03-18,119,18,3,2756.33,251.91,West
4645,2023-01-20,32,9,4,2800.11,551.01,West
4646,2024-02-29,1,13,2,115.28,29.6,East
4647,2023-04-26,362,2,1,51.49,6.43,South
4648,2024-12-05,207,6,3,2861.97,374.36,West
4649,2023-11-07,453,8,3,496.03,67.19,North
4650,2024-09-01,281,6,5,6015.2,1001.81,West
4651,2024-11-12,333,8,3,419.83,72.56,West
4652,2024-01-19,128,6,4,3867.23,1109.12,North
4653,2023-05-26,228,7,4,6087.18,655.77,West
4654,2023-12-19,382,14,3,995.42,175.16,West
4655,2023-05-21,262,11,4,1335.86,231.91,West
4656,2023-07-08,264,12,2,1803.2,215.98,East
4657,2023-01-09,277,4,5,1712.1,218.12,South
4658,2024-03-26,309,12,3,2604.67,356.57,East
4659,2024-05-06,370,3,3,1473.75,216.33,South
4660,2024-12-02,145,9,3,2175.86,352.32,East
4661,2024-09-07,306,14,2,631.6,74.25,North
4662,2024-07-01,230,15,2,1893.2,154.0,North
4663,2023-05-21,119,2,1,46.62,11.2,West
4664,2023-04-15,250,9,2,1213.28,318.31,South
4665,2023-02-27,265,5,5,4988.55,672.51,East
4666,2024-11-05,349,6,2,1945.83,194.8,West
4667,2024-04-28,105,13,1,48.11,12.09,West
4668,2024-10-10,273,5,2,2637.62,498.05,East
4669,2023-10-05,364,16,4,3487.81,697.66,South
4670,2024-09-24,219,9,2,1282.37,193.15,North
4671,2024-07-21,163,18,3,2657.15,318.35,West
4672,2023-06-24,231,16,3,2723.27,425.32,North
4673,2023-04-14,465,17,3,1037.54,306.13,South
4674,2024-05-15,405,6,3,3086.83,304.01,South
4675,2023-02-26,314,16,1,822.61,75.26,North
4676,2024-01-07,26,10,1,53.99,5.42,West
4677,2024-04-10,149,6,4,4041.26,742.6,East
4678,2024-10-15,273,10,3,157.4,39.34,East
4679,2024-03-24,265,8,3,486.5,117.24,East
4680,2023-04-25,414,14,3,1056.61,280.74,West
4681,2023-12-31,256,4,1,367.99,86.3,West
4682,2024-04-15,275,15,5,4695.16,674.53,East
4683,2023-07-28,3,9,5,2909.08,380.8,East
4684,2024-07-01,181,1,5,4376.11,538.05,North
4685,2023-08-11,316,18,5,4557.2,1240.68,West
4686,2024-12-05,63,3,1,403.13,105.46,South
4687,2024-09-07,33,8,5,833.14,144.94,South
4688,2024-06-09,194,9,1,665.69,131.6,West
4689,2024-07-24,205,15,2,1801.1,458.86,North
4690,2024-07-10,492,4,4,1428.65,117.32,East
4691,2024-03-21,248,17,5,1616.46,372.66,East
4692,2023-07-05,27,15,3,2749.11,638.16,West
4693,2023-12-01,475,7,4,6158.44,780.86,South
4694,2023-08-20,393,16,3,2576.32,662.81,South
4695,2023-02-21,415,11,5,1562.1,318.97,West
4696,2023-12-31,386,9,1,656.2,121.55,North
4697,2023-10-13,43,2,3,164.61,31.15,South
4698,2024-03-29,409,15,4,4393.45,1253.77,West
4699,2024-02-12,166,16,5,4424.84,417.56,South
4700,2023-08-18,19,3,3,1212.74,202.69,West
4701,2024-09-11,220,12,5,4092.16,1127.41,West
4702,2023-09-26,479,4,4,1632.74,253.27,South
4703,2024-08-24,197,14,5,1642.43,416.96,South
4704,2023-04-25,295,15,1,894.65,188.8,West
4705,2024-05-06,234,13,3,143.92,12.05,North
4706,2024-12-01,47,14,2,681.55,79.07,South
4707,2024-07-07,312,4,1,369.42,83.48,East
4708,2023-10-22,487,12,3,2176.92,315.34,East
4709,2024-06-10,99,7,3,4552.22,662.16,West
4710,2024-04-13,8,4,5,1841.11,324.71,South
4711,2024-01-15,487,18,5,5093.47,1404.59,East
4712,2024-10-12,32,6,3,3400.02,532.7,West
4713,2023-05-10,474,14,5,1812.56,440.85,East
4714,2023-02-22,257,13,5,236.24,22.61,South
4715,2024-04-18,201,9,5,3574.38,765.01,West
4716,2023-05-21,34,8,1,138.11,27.47,North
4717,2024-04-07,284,1,5,5630.23,1022.83,West
4718,2024-08-17,19,5,3,3517.14,990.07,West
4719,2023-12-03,115,14,3,1050.44,266.58,North
4720,2024-03-11,328,7,2,2809.69,764.93,East
4721,2024-02-05,207,5,5,6614.21,681.65,West
4722,2023-08-11,232,16,2,1794.27,226.41,East
4723,2023-12-16,36,11,5,1889.71,504.1,East
4724,2023-03-25,366,10,1,58.39,12.5,West
4725,2024-07-05,80,15,4,3615.66,1041.16,West
4726,2024-08-13,123,6,3,2759.76,719.29,West
4727,2024-11-03,313,8,5,819.85,239.84,West
4728,2024-10-07,144,17,5,1952.54,514.2,East
4729,2024-04-24,364,7,4,5749.17,928.43,South
4730,2024-07-27,405,16,2,1904.37,539.73,South
4731,2023-08-01,109,11,5,1622.28,411.49,West
4732,2024-10-05,198,11,1,385.7,57.42,North
4733,2024-07-05,64,7,5,7535.57,1853.75,South
4734,2023-01-13,79,13,4,224.05,50.9,West
4735,2023-05-10,17,9,2,1407.61,118.79,West
4736,2023-05-05,432,10,1,58.35,14.77,West
4737,2023-01-11,63,15,1,953.47,256.18,South
4738,2024-08-10,336,15,2,2339.05,345.3,North
4739,2023-12-24,276,7,3,3762.42,899.86,West
4740,2024-08-10,201,2,1,43.38,8.54,West
4741,2023-04-14,458,16,5,4753.71,1130.33,East
4742,2023-10-18,56,10,1,54.31,14.85,East
4743,2023-08-06,359,17,3,1131.53,141.95,East
4744,2023-12-18,446,4,1,404.18,103.03,East
4745,2024-05-23,356,18,5,4269.96,1053.21,East
4746,2024-03-26,27,5,2,2045.61,474.27,West
4747,2024-09-05,399,2,5,241.14,32.31,West
4748,2023-09-05,38,8,3,477.04,44.5,West
4749,2024-10-03,253,11,1,335.82,50.64,North
4750,2023-04-03,143,12,4,3082.49,894.66,West
4751,2024-11-12,127,8,4,543.59,121.3,West
4752,2024-01-20,27,16,4,3195.2,598.19,West
4753,2024-01-01,369,17,2,679.64,185.53,North
4754,2024-01-24,330,15,1,965.66,160.72,West
4755,2023-02-13,248,10,5,298.66,78.97,East
4756,2024-04-27,321,5,2,2316.22,418.14,West
4757,2024-07-11,345,4,2,738.84,221.13,West
4758,2024-02-24,78,13,4,178.62,50.21,South
4759,2023-07-01,378,17,3,1072.62,174.94,East
4760,2023-09-20,363,16,3,2270.1,533.6,North
4761,2023-03-20,308,6,4,3708.53,382.22,West
4762,2023-11-28,382,11,4,1464.47,183.12,West
4763,2024-10-12,298,11,5,1973.85,335.77,South
4764,2023-02-13,319,15,3,3500.25,1021.84,North
4765,2023-07-13,404,14,1,337.14,67.53,West
4766,2024-05-17,148,12,2,1822.06,149.08,West
4767,2024-05-13,21,11,2,688.94,119.11,South
4768,2023-04-15,192,6,5,4984.43,682.95,South
4769,2024-04-09,390,15,3,2743.68,675.21,West
4770,2024-08-29,244,15,2,1947.07,246.33,West
4771,2024-08-12,348,9,1,653.69,166.95,East
4772,2024-05-22,97,6,4,4157.19,968.37,West
4773,2024-10-03,495,16,5,4888.84,1380.46,North
4774,2023-06-27,496,7,5,6374.9,1262.54,North
4775,2024-09-20,79,9,3,2017.04,500.95,West
4776,2023-12-26,119,6,3,2851.89,671.68,West
4777,2024-07-04,394,8,3,470.77,84.65,East
4778,2023-05-07,1,8,4,578.28,159.27,East
4779,2024-10-19,238,14,1,364.57,93.81,East
4780,2023-05-03,456,15,5,5560.1,1371.47,East
4781,2023-02-05,111,2,3,136.27,39.3,East
4782,2024-05-30,169,8,5,787.01,218.99,South
4783,2024-05-20,273,10,5,261.57,47.97,East
4784,2024-06-08,339,17,3,981.6,129.07,South
4785,2023-10-18,288,16,4,3709.65,663.63,West
4786,2023-04-07,300,11,3,976.85,79.96,North
4787,2024-09-29,36,7,1,1572.32,451.66,East
4788,2023-07-17,440,16,3,2598.53,571.99,East
4789,2023-01-24,303,14,4,1171.04,126.59,South
4790,2023-12-24,100,8,2,273.32,31.9,West
4791,2023-09-26,201,18,1,817.28,217.74,West
4792,2023-03-29,223,2,2,102.42,24.51,North
4793,2024-04-06,420,3,3,1307.92,106.74,South
4794,2023-03-09,223,17,3,919.84,216.71,North
4795,2024-12-07,474,14,4,1319.99,310.08,East
4796,2024-08-01,230,9,1,616.01,85.97,North
4797,2024-07-18,15,12,2,1667.83,155.26,West
4798,2024-09-22,321,16,4,3264.4,946.82,West
4799,2023-05-28,388,2,2,106.38,21.24,East
4800,2023-01-29,174,12,4,3284.52,794.14,North
4801,2023-06-04,454,1,4,4325.92,1281.56,North
4802,2024-02-21,444,15,5,4702.86,559.83,East
4803,2024-05-22,70,10,1,62.7,15.96,East
4804,2023-10-24,416,1,2,1741.03,458.11,South
4805,2023-06-26,364,10,2,111.6,11.58,South
4806,2023-02-22,175,16,5,3742.52,550.92,North
4807,2024-03-17,352,7,5,6226.4,1020.67,South
4808,2024-05-01,402,17,1,305.83,61.21,West
4809,2024-12-12,480,9,4,2799.47,258.5,East
4810,2023-02-05,301,16,2,1495.21,229.89,West
4811,2024-02-05,27,14,2,715.43,122.41,West
4812,2023-03-13,56,3,2,899.5,110.86,East
4813,2024-08-20,133,15,5,4448.24,687.57,South
4814,2024-09-11,472,12,4,3033.29,282.66,South
4815,2023-09-07,420,3,4,1580.04,458.48,South
4816,2023-01-13,190,13,5,224.86,40.81,East
4817,2024-04-17,164,18,5,4115.23,1010.62,North
4818,2024-11-01,445,13,1,51.3,5.91,West
4819,2023-07-29,96,6,1,1081.58,177.11,West
4820,2024-06-05,376,7,1,1395.31,134.82,South
4821,2024-05-22,242,13,4,186.82,19.88,North
4822,2023-11-20,238,4,3,1193.25,281.83,East
4823,2024-02-22,93,18,3,3030.88,908.46,North
4824,2024-08-06,143,18,1,843.75,217.44,West
4825,2024-04-30,122,5,1,1273.74,229.34,North
4826,2023-09-08,103,13,3,151.91,45.01,East
4827,2023-08-19,263,1,2,2171.72,313.79,East
4828,2023-07-08,101,16,2,1657.34,166.44,West
4829,2023-01-16,86,4,4,1292.51,154.89,North
4830,2023-10-04,236,3,5,2364.67,263.0,East
4831,2024-08-20,29,2,1,46.39,11.28,North
4832,2024-04-30,363,7,4,6241.32,1015.35,North
4833,2023-08-02,252,10,1,59.97,10.35,West
4834,2023-11-20,432,2,3,131.64,37.26,West
4835,2024-02-23,175,15,4,3614.62,659.44,North
4836,2024-07-24,256,14,3,833.57,244.69,West
4837,2023-10-04,450,6,2,2412.11,631.91,North
4838,2024-08-21,407,10,3,173.32,18.13,South
4839,2023-05-15,390,13,1,46.16,9.53,West
4840,2023-11-24,49,16,1,975.28,193.25,East
4841,2023-06-24,482,18,1,1013.78,201.65,West
4842,2024-12-20,470,18,4,3501.11,747.36,West
4843,2024-02-28,55,4,5,1672.8,338.44,North
4844,2024-11-21,14,4,5,1758.1,223.38,West
4845,2023-03-02,259,13,4,232.31,44.15,South
4846,2023-11-16,321,11,3,1044.44,88.99,West
4847,2024-03-24,466,13,2,113.57,23.01,West
4848,2024-08-01,247,6,1,949.91,82.79,North
4849,2024-09-26,132,10,3,188.32,20.48,East
4850,2023-11-04,345,5,4,4044.38,682.72,West
4851,2023-07-26,352,8,5,710.2,207.11,South
4852,2023-07-22,193,6,2,2312.77,683.48,South
4853,2024-07-07,361,4,3,1007.91,177.54,East
4854,2023-02-10,229,2,4,198.77,21.03,East
4855,2024-06-24,195,15,5,5004.48,702.38,North
4856,2023-06-01,157,15,2,2180.35,179.09,West
4857,2023-06-20,336,16,1,788.91,189.27,North
4858,2023-01-15,202,4,2,690.49,105.19,North
4859,2023-08-12,424,14,2,551.65,46.63,South
4860,2024-06-15,17,10,5,275.56,70.14,West
4861,2024-04-09,261,12,4,2965.8,309.84,West
4862,2023-01-04,290,15,1,1031.99,212.37,West
4863,2023-04-03,24,16,5,3848.4,408.72,North
4864,2023-01-24,394,7,1,1438.32,385.89,East
4865,2024-01-29,354,10,1,58.23,14.16,West
4866,2023-08-29,58,8,2,262.8,49.61,North
4867,2024-08-18,26,12,4,3363.14,968.3,West
4868,2024-04-15,424,2,5,265.19,57.26,South
4869,2023-01-10,280,1,4,4091.81,987.24,West
4870,2024-07-10,487,15,3,3512.3,1015.79,East
4871,2024-03-11,291,4,5,1788.28,244.57,East
4872,2023-02-11,448,7,2,2451.54,693.05,South
4873,2024-06-11,35,17,5,1663.87,213.32,West
4874,2023-05-02,134,6,4,4753.72,1136.44,West
4875,2024-04-01,288,6,2,1883.3,190.49,West
4876,2023-11-22,372,4,1,317.83,67.67,South
4877,2024-12-11,339,11,3,984.89,187.4,South
4878,2023-11-13,397,2,5,223.36,18.76,North
4879,2024-11-11,276,17,3,917.51,146.68,West
4880,2023-09-02,404,5,3,3266.61,556.78,West
4881,2023-11-26,86,1,4,3899.21,804.98,North
4882,2023-09-14,100,1,5,4741.62,1308.33,West
4883,2024-02-19,373,11,3,1037.11,116.8,North
4884,2023-04-08,374,6,1,934.34,103.1,West
4885,2023-05-23,170,16,1,913.94,181.51,East
4886,2024-12-06,253,8,1,146.81,41.48,North
4887,2024-06-09,11,15,2,2023.23,572.45,East
4888,2023-01-02,212,12,3,2162.56,596.76,North
4889,2023-02-04,33,7,2,2837.45,539.61,South
4890,2024-05-23,292,15,1,957.42,145.0,East
4891,2024-04-23,230,3,2,812.9,228.27,North
4892,2024-02-26,217,18,2,1764.43,510.32,South
4893,2023-12-19,267,4,2,821.32,68.85,East
4894,2023-03-31,440,11,3,954.77,96.27,East
4895,2023-05-23,225,16,5,4378.98,670.17,West
4896,2023-04-29,378,7,5,7406.51,2121.37,East
4897,2024-10-08,290,17,2,807.14,126.0,West
4898,2023-10-21,473,10,1,59.82,16.53,East
4899,2023-02-02,493,1,1,884.04,187.73,West
4900,2023-02-26,279,1,2,1885.74,320.29,North
4901,2023-03-29,111,13,1,46.49,6.2,East
4902,2024-04-14,440,10,2,100.75,10.05,East
4903,2023-07-25,140,10,2,130.03,14.04,East
4904,2023-03-12,415,16,4,3305.12,355.37,West
4905,2024-06-29,182,2,3,158.06,13.05,East
4906,2024-03-21,232,12,4,3434.72,444.33,East
4907,2023-11-16,352,2,3,143.87,12.97,South
4908,2024-11-01,280,6,3,2912.21,325.44,West
4909,2024-03-05,72,7,4,6408.91,1714.18,North
4910,2024-01-28,75,18,3,3057.15,261.49,North
4911,2023-04-01,482,9,5,3192.88,260.24,West
4912,2024-10-02,135,2,4,225.93,65.99,North
4913,2024-05-18,76,16,3,2844.65,389.96,East
4914,2024-07-25,356,3,3,1496.55,147.08,East
4915,2024-07-01,256,16,4,3125.83,896.63,West
4916,2024-11-26,35,18,1,832.83,150.7,West
4917,2024-02-08,210,15,2,2026.94,163.85,East
4918,2024-03-04,387,18,4,3946.59,652.11,West
4919,2024-12-16,270,11,3,1143.25,331.08,East
4920,2023-10-10,437,1,2,2301.11,668.26,South
4921,2024-03-28,38,15,5,5699.57,968.52,West
4922,2024-03-28,241,10,5,286.47,76.13,South
4923,2023-10-28,357,14,5,1595.65,418.97,East
4924,2024-08-15,488,4,2,629.0,79.06,West
4925,2023-02-07,257,17,1,346.53,98.82,South
4926,2023-11-07,193,15,5,5137.11,957.26,South
4927,2023-05-30,230,7,3,3767.59,561.02,North
4928,2023-08-03,312,7,3,3987.03,588.46,East
4929,2024-01-23,82,3,4,1787.14,515.49,East
4930,2023-03-30,268,5,2,2216.64,488.07,West
4931,2024-09-11,73,12,3,2566.99,406.56,East
4932,2023-09-20,423,7,3,4309.16,507.86,West
4933,2024-11-06,44,12,4,3379.35,865.88,North
4934,2023-05-07,328,6,1,947.33,223.81,East
4935,2023-07-20,413,14,4,1303.5,127.31,North
4936,2024-04-19,261,10,2,106.05,28.48,West
4937,2023-08-28,87,3,4,1665.76,256.89,West
4938,2023-10-22,460,13,5,260.12,70.25,North
4939,2023-03-08,500,9,2,1352.01,190.62,West
4940,2024-07-03,156,4,4,1242.83,210.2,West
4941,2023-01-19,344,17,3,1019.64,103.63,East
4942,2023-02-14,123,16,1,784.58,90.56,West
4943,2023-11-15,23,1,3,2769.32,678.33,East
4944,2023-07-10,50,7,1,1304.71,112.79,East
4945,2023-02-22,311,18,4,3528.19,859.73,West
4946,2024-03-10,37,14,5,1380.14,397.64,West
4947,2023-05-26,116,4,4,1274.59,306.66,West
4948,2024-01-30,287,11,5,1537.59,142.78,North
4949,2023-03-05,490,2,2,113.43,14.11,South
4950,2024-04-02,24,11,5,1788.36,376.07,North
4951,2023-02-20,287,5,5,5116.21,1318.29,North
4952,2023-01-14,162,11,1,323.33,91.24,North
4953,2023-04-30,462,15,4,3804.57,932.3,South
4954,2023-04-12,381,1,4,4147.17,757.52,East
4955,2024-02-29,249,8,5,637.47,156.07,West
4956,2023-06-09,100,2,4,213.31,61.17,West
4957,2023-02-22,292,2,5,263.89,36.11,East
4958,2024-10-25,251,14,5,1509.1,445.49,West
4959,2024-06-20,485,16,4,3283.23,526.06,East
4960,2024-10-05,253,6,1,953.26,119.47,North
4961,2023-12-15,309,16,4,3179.46,625.16,East
4962,2023-01-24,312,16,1,856.29,99.86,East
4963,2024-11-23,168,14,5,1776.62,315.53,North
4964,2024-04-27,67,7,1,1260.7,230.65,West
4965,2023-08-21,422,13,1,51.54,14.84,West
4966,2024-03-12,125,10,1,49.41,11.46,South
4967,2024-09-22,147,5,1,1152.73,303.92,South
4968,2023-07-27,85,1,2,2123.93,580.69,West
4969,2024-10-10,215,18,5,5311.87,718.64,South
4970,2023-05-04,114,9,4,2709.56,505.97,North
4971,2023-02-11,342,8,2,288.63,49.71,South
4972,2023-01-08,249,11,1,320.53,45.87,West
4973,2024-11-20,500,14,1,342.05,68.68,West
4974,2024-04-21,165,10,3,189.33,35.99,West
4975,2023-06-23,16,17,1,370.75,84.24,South
4976,2023-07-18,443,2,3,161.6,17.73,South
4977,2023-07-10,37,5,4,4202.05,1098.13,West
4978,2024-08-22,244,15,4,3566.66,1064.75,West
4979,2024-11-15,176,9,5,3605.32,725.85,West
4980,2023-09-23,46,3,4,1711.94,314.78,North
4981,2024-03-29,3,17,4,1495.55,236.94,East
4982,2024-09-26,494,3,4,1858.88,249.28,West
4983,2024-12-14,195,12,3,2574.07,702.83,North
4984,2023-04-02,385,12,2,1520.7,367.82,North
4985,2023-11-02,147,2,4,216.88,35.88,South
4986,2024-05-06,52,11,1,395.65,50.59,East
4987,2023-02-17,311,8,3,499.73,144.97,West
4988,2023-09-22,86,3,5,2451.23,280.52,North
4989,2024-12-20,118,2,2,106.3,11.14,South
4990,2023-08-16,307,16,5,4411.32,632.95,North
4991,2024-05-30,194,7,3,3695.75,314.84,West
4992,2023-04-20,102,15,3,3291.82,698.36,West
4993,2023-01-16,117,10,1,54.12,7.05,West
4994,2023-04-14,376,10,2,109.94,10.52,South
4995,2024-01-09,335,16,4,3712.28,880.36,South
4996,2024-12-16,158,2,4,186.67,44.21,North
4997,2023-08-25,417,18,2,1954.2,558.62,South
4998,2023-08-27,457,6,3,3033.33,303.2,West
4999,2023-11-30,86,2,1,42.79,4.54,North
5000,2024-05-25,441,18,3,2733.78,681.03,West
